review_id,product_id,marketplace,product_title,product_url,product_image_url,product_image_path,rating,review_text,review_image_urls,review_image_paths,verified_purchase,annotator_id,final_label
RV01,PD01,Daraz,Q86 TWS Wireless Earphones Bluetooth 5.3 Stereo Sport Headphones Retro Camera Style Earbuds Compatible iPhone Android,https://www.daraz.com.bd/products/q86-tws-53-i1587207804-s12693243515.html,https://static-01.daraz.com.bd/p/7f945d47d1c5ab1a874f88c87fd7ff5b.jpg,output_v4\images\products\PD01.jpg,5,"আজ হাতে পেলাম। প্রোডাক্ট ত নতুন অবস্থায় সবকিছু ভালোই দেখাচ্ছে বাকিটা আল্লাহ ভরসা। যেমন কালার চয়েজ করেছিলাম তেমনটাই দিয়েছে। তবে 80.% হবার পরে চার্জ একটু দেরিতে উঠতে আবার 90.% হবার পরেও চার্জ দেরিতে উঠছে। সাউন্ড কোয়ালিটি ভালো, এনড্রয়েড ফোনে বিট টা ভালো ই দেয়। আর ল্যাপটপেও ভালো।👌🏻 প্লাস্টিক কোয়ালিটিও মোটামুটি।👌🏻 সবমিলিয়ে প্রোডাক্ট খারাপ না ভালো আছে। যেহেতু ইলেকট্রিক প্রোডাক্ট তো এখন দেখার বিষয় কতোদিন লাস্টিং করে।👌🏻👍🏻🎧",https://sg-test-11.slatic.net/other/roc/9285058ffd976d2f76c6e4c5261107ff.jpg | https://sg-test-11.slatic.net/other/roc/f2c0e228d9f7389feba524733d60e30f.jpg | https://sg-test-11.slatic.net/other/roc/7a173329b2cb2f063c3b141614dbb968.jpg | https://sg-test-11.slatic.net/other/roc/63158b3131b8cbe5a634cf93e5f50eeb.jpg | https://sg-test-11.slatic.net/other/roc/e52e22456edc6e4f1a208435d8804d01.jpg,output_v4\images\reviews\RV01\img_01.jpg | output_v4\images\reviews\RV01\img_02.jpg | output_v4\images\reviews\RV01\img_03.jpg | output_v4\images\reviews\RV01\img_04.jpg | output_v4\images\reviews\RV01\img_05.jpg,True,,
RV02,PD01,Daraz,Q86 TWS Wireless Earphones Bluetooth 5.3 Stereo Sport Headphones Retro Camera Style Earbuds Compatible iPhone Android,https://www.daraz.com.bd/products/q86-tws-53-i1587207804-s12693243515.html,https://static-01.daraz.com.bd/p/7f945d47d1c5ab1a874f88c87fd7ff5b.jpg,output_v4\images\products\PD01.jpg,4,"গতকাল সকাল ১১ টার দিকে খুলনা থেকে অর্ডার করেছি,আজ দুপুর ১২ টার দিকে পণ্যটি হাতে পেয়েছি। সেলার কে আমি একটি কালার সাজেস্ট করে দিয়েছিলাম কিন্তু সেলার সেই কালারটি আমাকে দেয়নি। বক্স খোলার পর বাম পাশের এয়ারপডটির নিচের অংশে চার্জ দেওয়ার অংশ টা খোলা,চেপে সেটা ঠিক করেছি, ২/১ দিন ব্যবহার এরপর বুঝা যাবে আসলে পণ্যটি কেমন",https://lzd-u.slatic.net/3faaa6ba844a4be6a8cce9dbf7e4baac_471fcf6210cb4df98fe38f2f4c74e938.jpg,output_v4\images\reviews\RV02\img_01.jpg,True,,
RV03,PD01,Daraz,Q86 TWS Wireless Earphones Bluetooth 5.3 Stereo Sport Headphones Retro Camera Style Earbuds Compatible iPhone Android,https://www.daraz.com.bd/products/q86-tws-53-i1587207804-s12693243515.html,https://static-01.daraz.com.bd/p/7f945d47d1c5ab1a874f88c87fd7ff5b.jpg,output_v4\images\products\PD01.jpg,5,ডেলিভারি যেহেতু রাস্তায় গিয়ে রিসিপ করতে হয় তাহলে হোম ডেলিভারি বলে টাকা নেন কেন ফ্রি ডেলিভারি করে দিতে পারেন না 😡😡,https://lzd-u.slatic.net/b2465d4f491e4744b54446a5af022564_2_1788245877.904212.jpg,output_v4\images\reviews\RV03\img_01.jpg,True,,
RV04,PD01,Daraz,Q86 TWS Wireless Earphones Bluetooth 5.3 Stereo Sport Headphones Retro Camera Style Earbuds Compatible iPhone Android,https://www.daraz.com.bd/products/q86-tws-53-i1587207804-s12693243515.html,https://static-01.daraz.com.bd/p/7f945d47d1c5ab1a874f88c87fd7ff5b.jpg,output_v4\images\products\PD01.jpg,5,আলহামদুলিল্লাহ ভাই প্রোডাক্টটি হাতে ভালোভাবে পেয়েছি ডেলিভারি ম্যান টা অনেক ভাল ছিল সাউন্ড কোয়ালিটি অনেক ভালো জিনিসটা দেখতে অনেকটা সুন্দর ফোনের থেকে বাস্তবে অনেক সুন্দর,https://lzd-u.slatic.net/2a58be502a19459eaae952ef63e3d362_afc28d02bc9e4305846db798b561ffa5.jpg,output_v4\images\reviews\RV04\img_01.jpg,True,,
RV05,PD01,Daraz,Q86 TWS Wireless Earphones Bluetooth 5.3 Stereo Sport Headphones Retro Camera Style Earbuds Compatible iPhone Android,https://www.daraz.com.bd/products/q86-tws-53-i1587207804-s12693243515.html,https://static-01.daraz.com.bd/p/7f945d47d1c5ab1a874f88c87fd7ff5b.jpg,output_v4\images\products\PD01.jpg,5,দাম অনুযায়ী প্রোডাক্টটা ঠিক আছে। সাউন্ড কোয়ালিটি 7/10। সাউন্ড কোয়ালিটি সেক্রিফাইস করে নিলে সবকিছু ঠিক আছে। চাইলে আপনারা নিতে পারেন।,https://lzd-u.slatic.net/6d2091ed29784c69a35206f133a3b7c7_6d42ecf4ea884b4fbf7467d3c8fe5a2a.jpg,output_v4\images\reviews\RV05\img_01.jpg,True,,
RV06,PD01,Daraz,Q86 TWS Wireless Earphones Bluetooth 5.3 Stereo Sport Headphones Retro Camera Style Earbuds Compatible iPhone Android,https://www.daraz.com.bd/products/q86-tws-53-i1587207804-s12693243515.html,https://static-01.daraz.com.bd/p/7f945d47d1c5ab1a874f88c87fd7ff5b.jpg,output_v4\images\products\PD01.jpg,5,অনেক সুন্দর প্রোডাক্ট হাতে পেয়েছি অনেক ভালো মানের ব্লুটুথ এয়ারবাড আপনারা সবাই নিতে পারেন এক সপ্তাহ পর রিভিউ দিলাম,https://lzd-u.slatic.net/2c1f87f25d4b4db5b65c95a45e7801b4_75e2c40b15c84162bb022388bc5ae42e.jpg | https://lzd-u.slatic.net/2c1f87f25d4b4db5b65c95a45e7801b4_3880f5a4b83b44cb96212bbcccae588a.jpg,output_v4\images\reviews\RV06\img_01.jpg | output_v4\images\reviews\RV06\img_02.jpg,True,,
RV07,PD01,Daraz,Q86 TWS Wireless Earphones Bluetooth 5.3 Stereo Sport Headphones Retro Camera Style Earbuds Compatible iPhone Android,https://www.daraz.com.bd/products/q86-tws-53-i1587207804-s12693243515.html,https://static-01.daraz.com.bd/p/7f945d47d1c5ab1a874f88c87fd7ff5b.jpg,output_v4\images\products\PD01.jpg,5,প্রোডাক্ট আসলেই অনেক ভালো। সাউন্ড কোয়ালিটি ও ভালো। চাইলে সবাই নিতে পারেন। চার্জ ও থাকে অনেকক্ষণ।,https://lzd-u.slatic.net/5f5dabbe59254b159dad7dd3e9a841e8_fc042a5fefd340c2ac15cf9215f19c42.jpg,output_v4\images\reviews\RV07\img_01.jpg,True,,
RV08,PD01,Daraz,Q86 TWS Wireless Earphones Bluetooth 5.3 Stereo Sport Headphones Retro Camera Style Earbuds Compatible iPhone Android,https://www.daraz.com.bd/products/q86-tws-53-i1587207804-s12693243515.html,https://static-01.daraz.com.bd/p/7f945d47d1c5ab1a874f88c87fd7ff5b.jpg,output_v4\images\products\PD01.jpg,5,"এরা বাটপার বাটপার বাটপার আমাকে শুধু বক্স দিছে কোন প্রোডাক্ট দেয়নি এটা বাটপার,,😡😡😡🤬🤬🤬🤬🤬🤬",https://lzd-u.slatic.net/6271ea0a68e14cb58735ff68a1030fdc_75ca789e04674633972c2c5e306f6a67.jpg | https://lzd-u.slatic.net/92f3cf74339c422b8b46b43f3ab1dc4e_3057cb99178142f69dd7791c0c56fd7c.jpg | https://lzd-u.slatic.net/6271ea0a68e14cb58735ff68a1030fdc_ccdca883d0f04467a473b85a2866f5c6.jpg | https://lzd-u.slatic.net/6271ea0a68e14cb58735ff68a1030fdc_f9327630bbdf47bdaede189b6771a16d.jpg,output_v4\images\reviews\RV08\img_01.jpg | output_v4\images\reviews\RV08\img_02.jpg | output_v4\images\reviews\RV08\img_03.jpg | output_v4\images\reviews\RV08\img_04.jpg,True,,
RV09,PD01,Daraz,Q86 TWS Wireless Earphones Bluetooth 5.3 Stereo Sport Headphones Retro Camera Style Earbuds Compatible iPhone Android,https://www.daraz.com.bd/products/q86-tws-53-i1587207804-s12693243515.html,https://static-01.daraz.com.bd/p/7f945d47d1c5ab1a874f88c87fd7ff5b.jpg,output_v4\images\products\PD01.jpg,5,যেমন চাইছি তেমনি পেয়েছি কিন্তু নষ্ট চার্জ নেয় না কোন কিছু দেখায় না এবং শোনাও যায় না 😡😡,https://lzd-u.slatic.net/433c86522ef54aa2b81ca8b65ccf3cc8_e6b537e49d8d4393b97c468fd19f8b75.jpg,output_v4\images\reviews\RV09\img_01.jpg,True,,
RV10,PD01,Daraz,Q86 TWS Wireless Earphones Bluetooth 5.3 Stereo Sport Headphones Retro Camera Style Earbuds Compatible iPhone Android,https://www.daraz.com.bd/products/q86-tws-53-i1587207804-s12693243515.html,https://static-01.daraz.com.bd/p/7f945d47d1c5ab1a874f88c87fd7ff5b.jpg,output_v4\images\products\PD01.jpg,5,অস্থির কোয়ালিটি দুই পিছ নিছি দুই পিছেই অনেক সুন্দর 💥💥সাউন্ড কোয়ালিটি অনেক ভালো 💟💟,https://lzd-u.slatic.net/493928836b544f7a87cc1722d9c8524d_0b08283295004f4d9078ae16f3149680.jpg | https://lzd-u.slatic.net/493928836b544f7a87cc1722d9c8524d_d2f1cc27839f4b20922c40087b04084e.jpg,output_v4\images\reviews\RV10\img_01.jpg | output_v4\images\reviews\RV10\img_02.jpg,True,,
RV11,PD01,Daraz,Q86 TWS Wireless Earphones Bluetooth 5.3 Stereo Sport Headphones Retro Camera Style Earbuds Compatible iPhone Android,https://www.daraz.com.bd/products/q86-tws-53-i1587207804-s12693243515.html,https://static-01.daraz.com.bd/p/7f945d47d1c5ab1a874f88c87fd7ff5b.jpg,output_v4\images\products\PD01.jpg,5,অসাদারন একটা মাল হলো এইটা মানুষ বলে না ছুট মরিচের জাল বেশি এইটা ঠিক এমন একটা মাল 🔥,https://lzd-u.slatic.net/a3b55a5657a34cc2bc48085cc23eb2a3_509cab1f49bc4d8a8ba9a45b69ac2bd2.jpg,output_v4\images\reviews\RV11\img_01.jpg,True,,
RV12,PD01,Daraz,Q86 TWS Wireless Earphones Bluetooth 5.3 Stereo Sport Headphones Retro Camera Style Earbuds Compatible iPhone Android,https://www.daraz.com.bd/products/q86-tws-53-i1587207804-s12693243515.html,https://static-01.daraz.com.bd/p/7f945d47d1c5ab1a874f88c87fd7ff5b.jpg,output_v4\images\products\PD01.jpg,5,ইয়ারফোন টা ভালোই। সাউন্ড কোয়ালিটিও ভালো। তবে যেই কালার টা চেয়েছিলাম সেইটা দেয়নি,https://lzd-u.slatic.net/e2b57087564a4e75a27dd55cf1b912bd_0daa1ee30ecb496e9a05e4e1b456c0da.jpg | https://lzd-u.slatic.net/e2b57087564a4e75a27dd55cf1b912bd_42286a9b8548408f93740cc60d39d877.jpg,output_v4\images\reviews\RV12\img_01.jpg | output_v4\images\reviews\RV12\img_02.jpg,True,,
RV13,PD01,Daraz,Q86 TWS Wireless Earphones Bluetooth 5.3 Stereo Sport Headphones Retro Camera Style Earbuds Compatible iPhone Android,https://www.daraz.com.bd/products/q86-tws-53-i1587207804-s12693243515.html,https://static-01.daraz.com.bd/p/7f945d47d1c5ab1a874f88c87fd7ff5b.jpg,output_v4\images\products\PD01.jpg,5,এট। ওন‌ করার বাটন নাই। চাজ। দিয়ে জন হয়। আপনার ট কীভাবে হয়। একটু বলবেন।,https://lzd-u.slatic.net/a9c0b8f662ca44e1a3990dc6fdea2591_7a7af087453b4593bd281d520fee810e.jpg | https://lzd-u.slatic.net/02d6edc58efb471bb85a2501c845b5df_20b9c90fc01b4e72a3954f4f4eb45f1c.jpg | https://lzd-u.slatic.net/02d6edc58efb471bb85a2501c845b5df_3f48e40551f94938abf13254b04443b9.jpg | https://lzd-u.slatic.net/02d6edc58efb471bb85a2501c845b5df_2068ee035acc4210b6e5bb385399c086.jpg,output_v4\images\reviews\RV13\img_01.jpg | output_v4\images\reviews\RV13\img_02.jpg | output_v4\images\reviews\RV13\img_03.jpg | output_v4\images\reviews\RV13\img_04.jpg,True,,
RV14,PD01,Daraz,Q86 TWS Wireless Earphones Bluetooth 5.3 Stereo Sport Headphones Retro Camera Style Earbuds Compatible iPhone Android,https://www.daraz.com.bd/products/q86-tws-53-i1587207804-s12693243515.html,https://static-01.daraz.com.bd/p/7f945d47d1c5ab1a874f88c87fd7ff5b.jpg,output_v4\images\products\PD01.jpg,5,"ছোট হলেও প্রোডাক্টটি অনেক ভালো, চাইলে আপনারাও নিতে পারেন",https://lzd-u.slatic.net/bc4d62a35e604c90adc7d6591a30a481_0237347593c5466d84aa9d3d364847ae.jpg,output_v4\images\reviews\RV14\img_01.jpg,True,,
RV15,PD01,Daraz,Q86 TWS Wireless Earphones Bluetooth 5.3 Stereo Sport Headphones Retro Camera Style Earbuds Compatible iPhone Android,https://www.daraz.com.bd/products/q86-tws-53-i1587207804-s12693243515.html,https://static-01.daraz.com.bd/p/7f945d47d1c5ab1a874f88c87fd7ff5b.jpg,output_v4\images\products\PD01.jpg,5,"অল্প টাকায় বেষ্ট জিনিস 💥 কোয়ালিটি সবই ভালো,,,",https://lzd-u.slatic.net/debbe8b040d242f69e39b98a9b80743e_185f38f9d92f4672ac6f0430269a698c.jpg | https://lzd-u.slatic.net/debbe8b040d242f69e39b98a9b80743e_67a29dc05c33484c93493f45f45e5709.jpg,output_v4\images\reviews\RV15\img_01.jpg | output_v4\images\reviews\RV15\img_02.jpg,True,,
RV16,PD01,Daraz,Q86 TWS Wireless Earphones Bluetooth 5.3 Stereo Sport Headphones Retro Camera Style Earbuds Compatible iPhone Android,https://www.daraz.com.bd/products/q86-tws-53-i1587207804-s12693243515.html,https://static-01.daraz.com.bd/p/7f945d47d1c5ab1a874f88c87fd7ff5b.jpg,output_v4\images\products\PD01.jpg,5,ডিল খুস হো গেয়া❤️❤️ সেলারকে অনেক অনেক ধন্যবাদ 🫶,https://lzd-u.slatic.net/7ebc3eff07f54adfb0a70ec766f7d2d8_0649ec565f82469c89b8195f209a71c3.jpg,output_v4\images\reviews\RV16\img_01.jpg,True,,
RV17,PD01,Daraz,Q86 TWS Wireless Earphones Bluetooth 5.3 Stereo Sport Headphones Retro Camera Style Earbuds Compatible iPhone Android,https://www.daraz.com.bd/products/q86-tws-53-i1587207804-s12693243515.html,https://static-01.daraz.com.bd/p/7f945d47d1c5ab1a874f88c87fd7ff5b.jpg,output_v4\images\products\PD01.jpg,5,খুব ভালো প্রোডাক্ট পাইছি।ধন্যবাদ বিক্রেতাকে।,https://lzd-u.slatic.net/f41af4b309c8446ba49174277bf8cd00_3757febaa5e745bb831d13edf7fa646e.jpg,output_v4\images\reviews\RV17\img_01.jpg,True,,
RV18,PD01,Daraz,Q86 TWS Wireless Earphones Bluetooth 5.3 Stereo Sport Headphones Retro Camera Style Earbuds Compatible iPhone Android,https://www.daraz.com.bd/products/q86-tws-53-i1587207804-s12693243515.html,https://static-01.daraz.com.bd/p/7f945d47d1c5ab1a874f88c87fd7ff5b.jpg,output_v4\images\products\PD01.jpg,5,একদম ফালতু সাউন্ড কোয়ালিটি খুবে বাজে,https://lzd-u.slatic.net/1b2b59bc6aaa4e25bd66023714d131b6_637e018ef15f483195576d4563a05b15.jpg | https://lzd-u.slatic.net/7da26e0d9d8a4f35af2ad35d09e2bd1e_49c36d1dea2f4357bfb38cc940ddc4fb.jpg,output_v4\images\reviews\RV18\img_01.jpg | output_v4\images\reviews\RV18\img_02.jpg,True,,
RV19,PD01,Daraz,Q86 TWS Wireless Earphones Bluetooth 5.3 Stereo Sport Headphones Retro Camera Style Earbuds Compatible iPhone Android,https://www.daraz.com.bd/products/q86-tws-53-i1587207804-s12693243515.html,https://static-01.daraz.com.bd/p/7f945d47d1c5ab1a874f88c87fd7ff5b.jpg,output_v4\images\products\PD01.jpg,5,ভালো আছে আপনারাও নিতে পারেন,https://lzd-u.slatic.net/1e21d7c23c4a44a292c757f54e44745b_8de87e4055de49ab83d5b6d1d8774acd.jpg,output_v4\images\reviews\RV19\img_01.jpg,True,,
RV20,PD01,Daraz,Q86 TWS Wireless Earphones Bluetooth 5.3 Stereo Sport Headphones Retro Camera Style Earbuds Compatible iPhone Android,https://www.daraz.com.bd/products/q86-tws-53-i1587207804-s12693243515.html,https://static-01.daraz.com.bd/p/7f945d47d1c5ab1a874f88c87fd7ff5b.jpg,output_v4\images\products\PD01.jpg,3,"১০ দিন ব্যবহার করে তারপর রিভিউ দিলাম।সাইজ বেশি ছোট, কলে থাকা অবস্থায় কোন কারনে হাত লাগলে কল কেটে যায়। কলে কথা বলার জন্য এটি ভালো না।আমার কথা কেউ শুনে না, অনেক জোরে কথা বল্লে তারপর আমার কথা শুনতে পায়। চার্জ ৩৬ ঘন্টা থাকে এটা মিথ্যা কথা। একটানা চালালে ২৪ ঘন্টার বেশি থাকে না। গান শুনার জন্য বেষ্ট। কারন এর বেস অনেক ভালো।৩দিনের ভিতর ডেলিভারি পেয়েছি।",https://lzd-u.slatic.net/7d493da080a743feb40f931ff2aa3192_81c1ef227ce6447683b20788088c478b.jpg | https://lzd-u.slatic.net/7d493da080a743feb40f931ff2aa3192_7f4c068888ae4a0d97c132122adccb01.jpg | https://lzd-u.slatic.net/7d493da080a743feb40f931ff2aa3192_eea2f712c31a4e06b0ac558ea116703d.jpg | https://lzd-u.slatic.net/7d493da080a743feb40f931ff2aa3192_820c32437a054838871ccc0141a8d9fe.jpg | https://lzd-u.slatic.net/7d493da080a743feb40f931ff2aa3192_d6595e02ff7b478894c5a600c6ee9c83.jpg,output_v4\images\reviews\RV20\img_01.jpg | output_v4\images\reviews\RV20\img_02.jpg | output_v4\images\reviews\RV20\img_03.jpg | output_v4\images\reviews\RV20\img_04.jpg | output_v4\images\reviews\RV20\img_05.jpg,True,,
RV21,PD01,Daraz,Q86 TWS Wireless Earphones Bluetooth 5.3 Stereo Sport Headphones Retro Camera Style Earbuds Compatible iPhone Android,https://www.daraz.com.bd/products/q86-tws-53-i1587207804-s12693243515.html,https://static-01.daraz.com.bd/p/7f945d47d1c5ab1a874f88c87fd7ff5b.jpg,output_v4\images\products\PD01.jpg,3,ভালোই। কিন্তু কানে একটু ব্যথা করে।,https://lzd-u.slatic.net/e2e9e2cedf7e427f97dd43119e32a05a_2113d0faaddf4f59a73d46ad4972474e.jpg,output_v4\images\reviews\RV21\img_01.jpg,True,,
RV22,PD01,Daraz,Q86 TWS Wireless Earphones Bluetooth 5.3 Stereo Sport Headphones Retro Camera Style Earbuds Compatible iPhone Android,https://www.daraz.com.bd/products/q86-tws-53-i1587207804-s12693243515.html,https://static-01.daraz.com.bd/p/7f945d47d1c5ab1a874f88c87fd7ff5b.jpg,output_v4\images\products\PD01.jpg,5,"অন্যদের রিভিউ দেখে ভাবছিলাম অনেক ভালো হবে, নেওয়ার পর দেখি খুবই সস্তা টাইপের একটা ফিল দিতেছে, ফুললি প্লাস্টিক এবং হালকা, মনে হয় যে হরেক মাল কিনেছি 😂",,,True,,
RV23,PD01,Daraz,Q86 TWS Wireless Earphones Bluetooth 5.3 Stereo Sport Headphones Retro Camera Style Earbuds Compatible iPhone Android,https://www.daraz.com.bd/products/q86-tws-53-i1587207804-s12693243515.html,https://static-01.daraz.com.bd/p/7f945d47d1c5ab1a874f88c87fd7ff5b.jpg,output_v4\images\products\PD01.jpg,1,আমি এটা কেনার পরে পাঞ্জাবির পকেটে রেখে ভুলে ধুয়ে ফেলেছিলাম। তখন ৯ ঘন্টা ধরে অন হয়নি। শুকানোর পরে অন হয়েছে৷ এই ইয়ারফোন ব্যবহার না করলে ফেলে রাখলেও ১২ ঘন্টার মধ্যে চার্জ শেষ হয়। আবার প্রায় ২ ঘন্টা চার্জ দিতে হয় অন করার জন্য। খুবই বাজে একটা ইয়ারফোন। ডেলিভারি খরচ সহ ৫৭৩ টাকা পড়েছে দাম। আমি একদম ধরা খেয়েছি। পুরা টাকাই লস। দয়া করে কেউ এটা কিনবেন না।,https://sg-test-11.slatic.net/other/roc/35cc57e5aab4db59f24298a4e90814b0.jpg,output_v4\images\reviews\RV23\img_01.jpg,True,,
RV24,PD01,Daraz,Q86 TWS Wireless Earphones Bluetooth 5.3 Stereo Sport Headphones Retro Camera Style Earbuds Compatible iPhone Android,https://www.daraz.com.bd/products/q86-tws-53-i1587207804-s12693243515.html,https://static-01.daraz.com.bd/p/7f945d47d1c5ab1a874f88c87fd7ff5b.jpg,output_v4\images\products\PD01.jpg,4,অস্থির জিনিস চার্জে ১৫ ঘন্টা ব্যাকআপ পাওয়া যাবে যদিও ডেলিভারি চারদিনের মাথায় দিয়েছে,,,True,,
RV25,PD01,Daraz,Q86 TWS Wireless Earphones Bluetooth 5.3 Stereo Sport Headphones Retro Camera Style Earbuds Compatible iPhone Android,https://www.daraz.com.bd/products/q86-tws-53-i1587207804-s12693243515.html,https://static-01.daraz.com.bd/p/7f945d47d1c5ab1a874f88c87fd7ff5b.jpg,output_v4\images\products\PD01.jpg,5,প্রোডাক্ট ডেলিভারি শো করছে কিন্তু প্রোডাক্ট হাতে পাই নি আমি ফুল পেমেন্ট করা 🙂,,,True,,
RV26,PD01,Daraz,Q86 TWS Wireless Earphones Bluetooth 5.3 Stereo Sport Headphones Retro Camera Style Earbuds Compatible iPhone Android,https://www.daraz.com.bd/products/q86-tws-53-i1587207804-s12693243515.html,https://static-01.daraz.com.bd/p/7f945d47d1c5ab1a874f88c87fd7ff5b.jpg,output_v4\images\products\PD01.jpg,5,সাউন্ড কোয়ালিটি ভালো না। টাকাটাই বৃথা গেলো। কাউকে না কিনার জন্য সাজেস্ট করবো।,,,True,,
RV27,PD01,Daraz,Q86 TWS Wireless Earphones Bluetooth 5.3 Stereo Sport Headphones Retro Camera Style Earbuds Compatible iPhone Android,https://www.daraz.com.bd/products/q86-tws-53-i1587207804-s12693243515.html,https://static-01.daraz.com.bd/p/7f945d47d1c5ab1a874f88c87fd7ff5b.jpg,output_v4\images\products\PD01.jpg,5,সেলার এবং বিক্রেতা ভাইদের ধন্যবাদ সার্ভিস ভালো এবং তাঁদের প্রতি কৃতজ্ঞ,,,True,,
RV28,PD01,Daraz,Q86 TWS Wireless Earphones Bluetooth 5.3 Stereo Sport Headphones Retro Camera Style Earbuds Compatible iPhone Android,https://www.daraz.com.bd/products/q86-tws-53-i1587207804-s12693243515.html,https://static-01.daraz.com.bd/p/7f945d47d1c5ab1a874f88c87fd7ff5b.jpg,output_v4\images\products\PD01.jpg,5,"মোটামুটি ভালো কিন্তু সুপার গুলো দিয়ে মাথা লাগানো আছে,",,,True,,
RV29,PD01,Daraz,Q86 TWS Wireless Earphones Bluetooth 5.3 Stereo Sport Headphones Retro Camera Style Earbuds Compatible iPhone Android,https://www.daraz.com.bd/products/q86-tws-53-i1587207804-s12693243515.html,https://static-01.daraz.com.bd/p/7f945d47d1c5ab1a874f88c87fd7ff5b.jpg,output_v4\images\products\PD01.jpg,5,আসলে পণ্যটি খুব ভালো। চাইলে আপনারা ও নিতে পারেন,,,True,,
RV30,PD01,Daraz,Q86 TWS Wireless Earphones Bluetooth 5.3 Stereo Sport Headphones Retro Camera Style Earbuds Compatible iPhone Android,https://www.daraz.com.bd/products/q86-tws-53-i1587207804-s12693243515.html,https://static-01.daraz.com.bd/p/7f945d47d1c5ab1a874f88c87fd7ff5b.jpg,output_v4\images\products\PD01.jpg,5,এটা কিনে মনেহয় ভুল করেছি। একদম চার্জ থাকেনা।,,,True,,
RV31,PD01,Daraz,Q86 TWS Wireless Earphones Bluetooth 5.3 Stereo Sport Headphones Retro Camera Style Earbuds Compatible iPhone Android,https://www.daraz.com.bd/products/q86-tws-53-i1587207804-s12693243515.html,https://static-01.daraz.com.bd/p/7f945d47d1c5ab1a874f88c87fd7ff5b.jpg,output_v4\images\products\PD01.jpg,5,আপনাদের সার্ভিস অনেক ভালো।,,,True,,
RV32,PD01,Daraz,Q86 TWS Wireless Earphones Bluetooth 5.3 Stereo Sport Headphones Retro Camera Style Earbuds Compatible iPhone Android,https://www.daraz.com.bd/products/q86-tws-53-i1587207804-s12693243515.html,https://static-01.daraz.com.bd/p/7f945d47d1c5ab1a874f88c87fd7ff5b.jpg,output_v4\images\products\PD01.jpg,5,ডান কানের ইয়ার বাট সমস্যা,,,True,,
RV33,PD01,Daraz,Q86 TWS Wireless Earphones Bluetooth 5.3 Stereo Sport Headphones Retro Camera Style Earbuds Compatible iPhone Android,https://www.daraz.com.bd/products/q86-tws-53-i1587207804-s12693243515.html,https://static-01.daraz.com.bd/p/7f945d47d1c5ab1a874f88c87fd7ff5b.jpg,output_v4\images\products\PD01.jpg,5,ওয়ান অফ দ্যা বেস্ট👌👌,,,True,,
RV34,PD01,Daraz,Q86 TWS Wireless Earphones Bluetooth 5.3 Stereo Sport Headphones Retro Camera Style Earbuds Compatible iPhone Android,https://www.daraz.com.bd/products/q86-tws-53-i1587207804-s12693243515.html,https://static-01.daraz.com.bd/p/7f945d47d1c5ab1a874f88c87fd7ff5b.jpg,output_v4\images\products\PD01.jpg,5,ভালো তবে সাউন্ড কম,,,True,,
RV35,PD01,Daraz,Q86 TWS Wireless Earphones Bluetooth 5.3 Stereo Sport Headphones Retro Camera Style Earbuds Compatible iPhone Android,https://www.daraz.com.bd/products/q86-tws-53-i1587207804-s12693243515.html,https://static-01.daraz.com.bd/p/7f945d47d1c5ab1a874f88c87fd7ff5b.jpg,output_v4\images\products\PD01.jpg,5,মোটামুটি ভালোই,,,True,,
RV36,PD02,Daraz,"Hoco | EQ34 Plus Rima | True Wireless Earbuds (TWS) | ANC + ENC | Bluetooth 5.4 | 7h Playback (6h with ANC) | 300mAh Case, 40mAh Buds | App Control & Multi-Device Switching | Lightweight 44.8g.",https://www.daraz.com.bd/products/hoco-eq34-plus-rima-true-wireless-earbuds-tws-anc-enc-bluetooth-54-7h-playback-6h-with-anc-300mah-case-40mah-buds-app-control-multi-device-switching-lightweight-448g-i1575608520-s12646710586.html,https://bd-live-21.slatic.net/kf/S0a82fa470aab484a8878102022a8ff19s.png,output_v4\images\products\PD02.png,5,🔥775 tk price range এ অসাধারণ ১টি tws . Outdoor e noise cancellation ☠️ system সেরা ।Base ভালো দিতে পারে । Hoco এর application এর function good enough. আর এর looking এক কথায় premium. 💯🔥,https://sg-test-11.slatic.net/other/roc/0b594b3149baee82ac61da191180806a.jpg | https://sg-test-11.slatic.net/other/roc/43ea6e8232ca6207dcbcdfd3e9fe6cb9.jpg | https://sg-test-11.slatic.net/other/roc/475023631416febbb364b0e45e62fe27.jpg | https://sg-test-11.slatic.net/other/roc/94b292e7d45ecbbbaba0146b63f0b828.jpg | https://sg-test-11.slatic.net/other/roc/3203f96e8ac0f38a47c81cc8e50f9425.jpg | https://sg-test-11.slatic.net/other/roc/02f567c0f0bccb7bd21ff15c667d78c3.jpg,output_v4\images\reviews\RV36\img_01.jpg | output_v4\images\reviews\RV36\img_02.jpg | output_v4\images\reviews\RV36\img_03.jpg | output_v4\images\reviews\RV36\img_04.jpg | output_v4\images\reviews\RV36\img_05.jpg | output_v4\images\reviews\RV36\img_06.jpg,True,,
RV37,PD02,Daraz,"Hoco | EQ34 Plus Rima | True Wireless Earbuds (TWS) | ANC + ENC | Bluetooth 5.4 | 7h Playback (6h with ANC) | 300mAh Case, 40mAh Buds | App Control & Multi-Device Switching | Lightweight 44.8g.",https://www.daraz.com.bd/products/hoco-eq34-plus-rima-true-wireless-earbuds-tws-anc-enc-bluetooth-54-7h-playback-6h-with-anc-300mah-case-40mah-buds-app-control-multi-device-switching-lightweight-448g-i1575608520-s12646710586.html,https://bd-live-21.slatic.net/kf/S0a82fa470aab484a8878102022a8ff19s.png,output_v4\images\products\PD02.png,5,"দেখে , ব্যবহার করে মনে হলো, অরিজিনাল প্রোডাক্ট, ANC+ENC ভালো কাজ করে, সাউন্ড এর বেস টা নিজের মত অ্যাপ এ কন্ট্রোল করতে পারবেন । ব্যাটারি ব্যাকআপ ভালো। নিতে পারেন 100% ।",https://lzd-u.slatic.net/f086c8b4abb545eea0b0f78917e61f07_562a82a1e9f146309216d9348fecc73e.jpg | https://lzd-u.slatic.net/f086c8b4abb545eea0b0f78917e61f07_60f8894e11f047f4a353abef3ba95dd0.jpg,output_v4\images\reviews\RV37\img_01.jpg | output_v4\images\reviews\RV37\img_02.jpg,True,,
RV38,PD02,Daraz,"Hoco | EQ34 Plus Rima | True Wireless Earbuds (TWS) | ANC + ENC | Bluetooth 5.4 | 7h Playback (6h with ANC) | 300mAh Case, 40mAh Buds | App Control & Multi-Device Switching | Lightweight 44.8g.",https://www.daraz.com.bd/products/hoco-eq34-plus-rima-true-wireless-earbuds-tws-anc-enc-bluetooth-54-7h-playback-6h-with-anc-300mah-case-40mah-buds-app-control-multi-device-switching-lightweight-448g-i1575608520-s12646710586.html,https://bd-live-21.slatic.net/kf/S0a82fa470aab484a8878102022a8ff19s.png,output_v4\images\products\PD02.png,5,product টি খুব দ্রুত সময়ে (মাত্র ১ দিন পর) হাতে পেয়েছি তার জন্য সেলারকে ধন্যবাদ। ডেলিভারি ম্যান ও খুব ভালো ছিল। এখন আসল জিনিস হলো প্রোডাক্টি ভালো হলে হয়।,https://lzd-u.slatic.net/943ea28e58234a509123c2052a87541d_8b0f4f7949f546ad9308a644859819e0.jpg,output_v4\images\reviews\RV38\img_01.jpg,True,,
RV39,PD02,Daraz,"Hoco | EQ34 Plus Rima | True Wireless Earbuds (TWS) | ANC + ENC | Bluetooth 5.4 | 7h Playback (6h with ANC) | 300mAh Case, 40mAh Buds | App Control & Multi-Device Switching | Lightweight 44.8g.",https://www.daraz.com.bd/products/hoco-eq34-plus-rima-true-wireless-earbuds-tws-anc-enc-bluetooth-54-7h-playback-6h-with-anc-300mah-case-40mah-buds-app-control-multi-device-switching-lightweight-448g-i1575608520-s12646710586.html,https://bd-live-21.slatic.net/kf/S0a82fa470aab484a8878102022a8ff19s.png,output_v4\images\products\PD02.png,5,"এটা প্রায় ১ মাস ব্যাবহার এর পরে রিভিউ দিচ্ছি, টোটালি ৬-৭ ঘন্টা চার্জ থাকে, নিলে নিতে পারেন, মোটামুটি চলার মতো",https://lzd-u.slatic.net/7624e5a2f8194ff3b904122e4f75a439_313739749c814ab5820a177aa17c4de5.jpg | https://lzd-u.slatic.net/7624e5a2f8194ff3b904122e4f75a439_8025a73b584542979716925ee1be0f78.jpg | https://lzd-u.slatic.net/7624e5a2f8194ff3b904122e4f75a439_a01d07ea896d47b2a59df79c18956d91.jpg,output_v4\images\reviews\RV39\img_01.jpg | output_v4\images\reviews\RV39\img_02.jpg | output_v4\images\reviews\RV39\img_03.jpg,True,,
RV40,PD02,Daraz,"Hoco | EQ34 Plus Rima | True Wireless Earbuds (TWS) | ANC + ENC | Bluetooth 5.4 | 7h Playback (6h with ANC) | 300mAh Case, 40mAh Buds | App Control & Multi-Device Switching | Lightweight 44.8g.",https://www.daraz.com.bd/products/hoco-eq34-plus-rima-true-wireless-earbuds-tws-anc-enc-bluetooth-54-7h-playback-6h-with-anc-300mah-case-40mah-buds-app-control-multi-device-switching-lightweight-448g-i1575608520-s12646710586.html,https://bd-live-21.slatic.net/kf/S0a82fa470aab484a8878102022a8ff19s.png,output_v4\images\products\PD02.png,5,"অসাধারণ। প্যাকেট টি হাতে নেয়ার পর লেখা প্রিমিয়াম কোয়ালিটি, এবং হাতে নিয়েও অসাধারণ ফিল। অরজিনাল প্রোডাক্ট। সবাই নিতে পারে",https://lzd-u.slatic.net/f54e5bf5f30740beaf21185d31428ebb_ed56c25b42214fcaae91b9c0c0e1fcba.jpg | https://lzd-u.slatic.net/cc1a94e3031f422299c1fb1b2245ef1b_874c114754b545ce85f8a1f8ed903766.jpg,output_v4\images\reviews\RV40\img_01.jpg | output_v4\images\reviews\RV40\img_02.jpg,True,,
RV41,PD02,Daraz,"Hoco | EQ34 Plus Rima | True Wireless Earbuds (TWS) | ANC + ENC | Bluetooth 5.4 | 7h Playback (6h with ANC) | 300mAh Case, 40mAh Buds | App Control & Multi-Device Switching | Lightweight 44.8g.",https://www.daraz.com.bd/products/hoco-eq34-plus-rima-true-wireless-earbuds-tws-anc-enc-bluetooth-54-7h-playback-6h-with-anc-300mah-case-40mah-buds-app-control-multi-device-switching-lightweight-448g-i1575608520-s12646710586.html,https://bd-live-21.slatic.net/kf/S0a82fa470aab484a8878102022a8ff19s.png,output_v4\images\products\PD02.png,5,"সত্যি বলতে আসলে জিনিসটা অনেক প্রিমিয়াম,এপ কানেক্ট করলে পুরাই জোস।নিঃসন্দেহে নিতে পারেন।সেলারকে আসলেই অনেক অনেক ধন্যবাদ আসল প্রোডাক্ট দেওয়ার জন্য।",https://lzd-u.slatic.net/b09ce304bec7427a8df58bf785f7ae0b_7d0d574c586b494ab633c5f96c1544a7.jpg,output_v4\images\reviews\RV41\img_01.jpg,True,,
RV42,PD02,Daraz,"Hoco | EQ34 Plus Rima | True Wireless Earbuds (TWS) | ANC + ENC | Bluetooth 5.4 | 7h Playback (6h with ANC) | 300mAh Case, 40mAh Buds | App Control & Multi-Device Switching | Lightweight 44.8g.",https://www.daraz.com.bd/products/hoco-eq34-plus-rima-true-wireless-earbuds-tws-anc-enc-bluetooth-54-7h-playback-6h-with-anc-300mah-case-40mah-buds-app-control-multi-device-switching-lightweight-448g-i1575608520-s12646710586.html,https://bd-live-21.slatic.net/kf/S0a82fa470aab484a8878102022a8ff19s.png,output_v4\images\products\PD02.png,5,This produch is osuam. এক কথায় দামে কম মানে ভালো। এখন কিছু দিন চালিয়ে দেখি কি হয়। আশাকরি ভালো হবে,https://lzd-u.slatic.net/338d88d9772246b496d0adbe7ded54de_4d5de344182d41f2878a5bfff1d2bf9b.jpg | https://lzd-u.slatic.net/338d88d9772246b496d0adbe7ded54de_26ca7d8176a44ba694aace2799183468.jpg | https://lzd-u.slatic.net/338d88d9772246b496d0adbe7ded54de_867863d9ad614b8880275a473ae02742.jpg,output_v4\images\reviews\RV42\img_01.jpg | output_v4\images\reviews\RV42\img_02.jpg | output_v4\images\reviews\RV42\img_03.jpg,True,,
RV43,PD02,Daraz,"Hoco | EQ34 Plus Rima | True Wireless Earbuds (TWS) | ANC + ENC | Bluetooth 5.4 | 7h Playback (6h with ANC) | 300mAh Case, 40mAh Buds | App Control & Multi-Device Switching | Lightweight 44.8g.",https://www.daraz.com.bd/products/hoco-eq34-plus-rima-true-wireless-earbuds-tws-anc-enc-bluetooth-54-7h-playback-6h-with-anc-300mah-case-40mah-buds-app-control-multi-device-switching-lightweight-448g-i1575608520-s12646710586.html,https://bd-live-21.slatic.net/kf/S0a82fa470aab484a8878102022a8ff19s.png,output_v4\images\products\PD02.png,5,যেমন দেখেছিলাম তেমন পেয়েছি আলহামদুলিল্লাহ। এমনিতে সবকিছু ঠিকঠাক আছে। এখন ব্যাবহার করে দেখার পালা ব্যাকআপ কেমন দেয়। যেহেতু ভালো ব্রান্ডের জিনিস ভালো হওয়ার কথা। ব্যাবহার করে সম্ভব হলে আরেকটা রিভিও দিবো। আর ANC মোড কাজ করে। প্লে-স্টোর থেকে এপ ইনস্টল করেও দেখেছি। সবকিছু ঠিকঠাক। ধন্যবাদ সেলারকে,https://lzd-u.slatic.net/59e201c56dd34b0eb03e56e2aaea762c_26b4450c4d6146f2ad36bbf76967edc9.jpg,output_v4\images\reviews\RV43\img_01.jpg,True,,
RV44,PD02,Daraz,"Hoco | EQ34 Plus Rima | True Wireless Earbuds (TWS) | ANC + ENC | Bluetooth 5.4 | 7h Playback (6h with ANC) | 300mAh Case, 40mAh Buds | App Control & Multi-Device Switching | Lightweight 44.8g.",https://www.daraz.com.bd/products/hoco-eq34-plus-rima-true-wireless-earbuds-tws-anc-enc-bluetooth-54-7h-playback-6h-with-anc-300mah-case-40mah-buds-app-control-multi-device-switching-lightweight-448g-i1575608520-s12646710586.html,https://bd-live-21.slatic.net/kf/S0a82fa470aab484a8878102022a8ff19s.png,output_v4\images\products\PD02.png,5,চার্জ ভালোই থাকে। সাউন্ড কোয়ালিটি ভালোই। শুধু একটা কমতি আমার কাছে মনে হলো টা হলো কান থেকে বাড খুললে অডিও বা ভিডিও পোজ বা স্টপ হয়না। এই অটো সিস্টেম টা নাই। এছাড়া অল ওকে। কয়েক মাস ব্যবহারের পর রিভিউ দিলাম।,https://lzd-u.slatic.net/f8970b6f81dc47168d28c5fdfd7591b9_c50e4b3a2c2249b78751ff9d17b3e121.jpg | https://lzd-u.slatic.net/f8970b6f81dc47168d28c5fdfd7591b9_028e354c80904ea1b5619c33544bc81b.jpg | https://lzd-u.slatic.net/f8970b6f81dc47168d28c5fdfd7591b9_9e60860eb86c49fe9ced4cebaf06ed29.jpg,output_v4\images\reviews\RV44\img_01.jpg | output_v4\images\reviews\RV44\img_02.jpg | output_v4\images\reviews\RV44\img_03.jpg,True,,
RV45,PD02,Daraz,"Hoco | EQ34 Plus Rima | True Wireless Earbuds (TWS) | ANC + ENC | Bluetooth 5.4 | 7h Playback (6h with ANC) | 300mAh Case, 40mAh Buds | App Control & Multi-Device Switching | Lightweight 44.8g.",https://www.daraz.com.bd/products/hoco-eq34-plus-rima-true-wireless-earbuds-tws-anc-enc-bluetooth-54-7h-playback-6h-with-anc-300mah-case-40mah-buds-app-control-multi-device-switching-lightweight-448g-i1575608520-s12646710586.html,https://bd-live-21.slatic.net/kf/S0a82fa470aab484a8878102022a8ff19s.png,output_v4\images\products\PD02.png,5,"এই বাজেটে সত্যিই অসাধারণ একটি TWS! 1. সাউন্ড কোয়ালিটি খুব ক্লিয়ার, Bass দারুণ 2. ANC বেশ ভালো কাজ করে, নয়েজ অনেকটাই কমায় 3. কল কোয়ালিটি (ENC) পরিষ্কার 4. ব্যাটারি ব্যাকআপও খুব ভালো 5.অরিজিনাল প্রোডাক্ট পেয়েছি, সব মিলিয়ে প্রাইস অনুযায়ী একদম ভ্যালু ফর মানি প্রোডাক্ট। চোখ বন্ধ করে নেওয়া যায়!",https://lzd-u.slatic.net/2d4ca6bfcbed4dfa9e721c51a092f9ad_b36a479e361d46bfbc3cd369b23cbf66.jpg | https://lzd-u.slatic.net/cf8a60bbe0964ee5a4ef5b1b642d3072_c02d0f6d969844b6b166c5ea752b468c.jpg | https://lzd-u.slatic.net/cf8a60bbe0964ee5a4ef5b1b642d3072_892cd6f497ff42159923cf756323ac1c.jpg | https://lzd-u.slatic.net/cf8a60bbe0964ee5a4ef5b1b642d3072_890a97908e264878a696e70fe3786317.jpg,output_v4\images\reviews\RV45\img_01.jpg | output_v4\images\reviews\RV45\img_02.jpg | output_v4\images\reviews\RV45\img_03.jpg | output_v4\images\reviews\RV45\img_04.jpg,True,,
RV46,PD02,Daraz,"Hoco | EQ34 Plus Rima | True Wireless Earbuds (TWS) | ANC + ENC | Bluetooth 5.4 | 7h Playback (6h with ANC) | 300mAh Case, 40mAh Buds | App Control & Multi-Device Switching | Lightweight 44.8g.",https://www.daraz.com.bd/products/hoco-eq34-plus-rima-true-wireless-earbuds-tws-anc-enc-bluetooth-54-7h-playback-6h-with-anc-300mah-case-40mah-buds-app-control-multi-device-switching-lightweight-448g-i1575608520-s12646710586.html,https://bd-live-21.slatic.net/kf/S0a82fa470aab484a8878102022a8ff19s.png,output_v4\images\products\PD02.png,5,দুই দিনের মধ্যে হাতে পেয়েছি এর আগে ও একটা নিয়েছি ব্যবহার করে ভালোই পাইছি এখন এটা নিয়েছি দেখি আশাকরি ভালো হবে ইনশাআল্লাহ,https://lzd-u.slatic.net/9f3be347241c4445b9cfe6128c20f441_4970e3eb4aa94abab7dc9e6196a4de5b.jpg | https://lzd-u.slatic.net/e67fb93cc7f2425ba76587172a8f0863_65a6cef3d69b4d1f8e6ecc16febf4004.jpg,output_v4\images\reviews\RV46\img_01.jpg | output_v4\images\reviews\RV46\img_02.jpg,True,,
RV47,PD02,Daraz,"Hoco | EQ34 Plus Rima | True Wireless Earbuds (TWS) | ANC + ENC | Bluetooth 5.4 | 7h Playback (6h with ANC) | 300mAh Case, 40mAh Buds | App Control & Multi-Device Switching | Lightweight 44.8g.",https://www.daraz.com.bd/products/hoco-eq34-plus-rima-true-wireless-earbuds-tws-anc-enc-bluetooth-54-7h-playback-6h-with-anc-300mah-case-40mah-buds-app-control-multi-device-switching-lightweight-448g-i1575608520-s12646710586.html,https://bd-live-21.slatic.net/kf/S0a82fa470aab484a8878102022a8ff19s.png,output_v4\images\products\PD02.png,5,খুবই সুন্দর একটা প্রোডাক্ট ডেলিভারি ভাইয়ের ব্যবহার খুবই সুন্দর সবকিছু মিলিয়ে খুব খুব খুব সুন্দর একটা প্রোডাক্ট,https://lzd-u.slatic.net/4ea2ae15fd1a4b66b2c2fc405988a90e_52f3b418e53044cabf243fae80f8c1be.jpg,output_v4\images\reviews\RV47\img_01.jpg,True,,
RV48,PD02,Daraz,"Hoco | EQ34 Plus Rima | True Wireless Earbuds (TWS) | ANC + ENC | Bluetooth 5.4 | 7h Playback (6h with ANC) | 300mAh Case, 40mAh Buds | App Control & Multi-Device Switching | Lightweight 44.8g.",https://www.daraz.com.bd/products/hoco-eq34-plus-rima-true-wireless-earbuds-tws-anc-enc-bluetooth-54-7h-playback-6h-with-anc-300mah-case-40mah-buds-app-control-multi-device-switching-lightweight-448g-i1575608520-s12646710586.html,https://bd-live-21.slatic.net/kf/S0a82fa470aab484a8878102022a8ff19s.png,output_v4\images\products\PD02.png,5,যাদের বাজেট ১ হাজারের মধ্যে তারা নিশ্চিন্তে এটা কিনে ফেলতে পারেন৷ জোশ প্রোডাক্ট আলহামদুলিল্লাহ। সাউন্ড কোয়ালিটি অসাধারণ। ANC মোটামুটি ভালো আমার কাছে পছন্দের। যারা কম দাম ভেবে ভাবছেন নকল বা ক্লোন কিনা। এটা ১০০% জেনুয়িন। উপরে QR কোড আছে সেটা দিয়ে চেক করা যায়। বক্স কন্টেন্ট প্রিমিয়াম। যখন আনবক্সিং করবেন তখন প্রিমিয়াম ফিল পাবেন। এপের সাথে কানেক্টে সমস্যা করলে বারবার চেষ্টা করবেন তারপর হয়ে যাবে এক সময়।,https://lzd-u.slatic.net/bfe135d6e649473899293c45df9a3234_fbd650f232fa4fc18d322c3be20005b2.jpg,output_v4\images\reviews\RV48\img_01.jpg,True,,
RV49,PD02,Daraz,"Hoco | EQ34 Plus Rima | True Wireless Earbuds (TWS) | ANC + ENC | Bluetooth 5.4 | 7h Playback (6h with ANC) | 300mAh Case, 40mAh Buds | App Control & Multi-Device Switching | Lightweight 44.8g.",https://www.daraz.com.bd/products/hoco-eq34-plus-rima-true-wireless-earbuds-tws-anc-enc-bluetooth-54-7h-playback-6h-with-anc-300mah-case-40mah-buds-app-control-multi-device-switching-lightweight-448g-i1575608520-s12646710586.html,https://bd-live-21.slatic.net/kf/S0a82fa470aab484a8878102022a8ff19s.png,output_v4\images\products\PD02.png,5,বক্স কোয়ালিটি খুবই ভালো ছিল বাট এটা হাতে নিয়ে খুবই পাতলা মনে হইতেছে মনে হইতেছে একদমই ব্যাটারি নেই বলতেই চলে এতটাই পাতলা জানিনা কেমন চার্জিং ব্যাকআপ হবে আজকেই ডেলিভারি পেলাম খুব বেশি পাতলা বক্স সহ,https://lzd-u.slatic.net/3aff1558f6db47358a2986b0e9e80fe2_0686678c4e974c0f8abe8c2a343fbae9.jpg,output_v4\images\reviews\RV49\img_01.jpg,True,,
RV50,PD02,Daraz,"Hoco | EQ34 Plus Rima | True Wireless Earbuds (TWS) | ANC + ENC | Bluetooth 5.4 | 7h Playback (6h with ANC) | 300mAh Case, 40mAh Buds | App Control & Multi-Device Switching | Lightweight 44.8g.",https://www.daraz.com.bd/products/hoco-eq34-plus-rima-true-wireless-earbuds-tws-anc-enc-bluetooth-54-7h-playback-6h-with-anc-300mah-case-40mah-buds-app-control-multi-device-switching-lightweight-448g-i1575608520-s12646710586.html,https://bd-live-21.slatic.net/kf/S0a82fa470aab484a8878102022a8ff19s.png,output_v4\images\products\PD02.png,5,প্যাকেজিং খুব ভালো ছিল। সেলারের ব্যবহার অনেক ভালো ছিল । আর এয়ারবার্তা দেখতে খুবই প্রিমিয়াম মনে হয় দামের দিক দিয়ে এয়ার বাসটা ঠিকই আছে এটার একবার ফুল চার্জ করে নিলে দুই দিন অনায়াসে চলে যায়। আমি তিন দিন থেকে নিয়েছি জিনিসটা আমার কাছে খুবই দারুণ মনে হয়েছে। আর এটা অসাধারণ ব্যাস দেয়।ধন্যবাদ দারাজ কে। 🙂❤️🥰,https://lzd-u.slatic.net/d978ec0a6a464072af7948ee0f70b522_c7890e0520164fc5a81247aad15b077e.jpg | https://lzd-u.slatic.net/d978ec0a6a464072af7948ee0f70b522_ff77c922d82f4efb89ff37ba6d1a2b1d.jpg | https://lzd-u.slatic.net/d978ec0a6a464072af7948ee0f70b522_5dbb587789ed49038f1cfbfb093f92a2.jpg | https://lzd-u.slatic.net/d978ec0a6a464072af7948ee0f70b522_72ba73477b19412bb2ab454de7a8387b.jpg,output_v4\images\reviews\RV50\img_01.jpg | output_v4\images\reviews\RV50\img_02.jpg | output_v4\images\reviews\RV50\img_03.jpg | output_v4\images\reviews\RV50\img_04.jpg,True,,
RV51,PD02,Daraz,"Hoco | EQ34 Plus Rima | True Wireless Earbuds (TWS) | ANC + ENC | Bluetooth 5.4 | 7h Playback (6h with ANC) | 300mAh Case, 40mAh Buds | App Control & Multi-Device Switching | Lightweight 44.8g.",https://www.daraz.com.bd/products/hoco-eq34-plus-rima-true-wireless-earbuds-tws-anc-enc-bluetooth-54-7h-playback-6h-with-anc-300mah-case-40mah-buds-app-control-multi-device-switching-lightweight-448g-i1575608520-s12646710586.html,https://bd-live-21.slatic.net/kf/S0a82fa470aab484a8878102022a8ff19s.png,output_v4\images\products\PD02.png,5,"🚩একদমই হতাশাজনক প্রোডাক্ট, কেনার আগে ভেবে দেখুন!🏴‍☠️ ​ইউটিউব আর সোশ্যাল মিডিয়ার পেইড ও স্পন্সরড রিভিউ দেখে Hoco EQ34 Plus কিনে চরম ভুল করেছি। কয়েকদিন ব্যবহারের পর আমার অভিজ্ঞতা নিচে তুলে ধরলাম: ​আরামদায়ক নয় ও কান ব্যথা: এর ANC (Active Noise Cancellation) অন করলে কানে এক ধরনের অস্বস্তিকর প্রেসার তৈরি হয় এবং কিছুক্ষণ পরেই কান ব্যথা করা শুরু করে। ​খারাপ ANC ও ট্রান্সপারেন্সি মোড: এটিতে সঠিকভাবে ANC বন্ধ রাখার ব্যবস্থা নেই। ANC অফ করলে বাইরের সাউন্ড স্পিকার দিয়ে আরও অতিরিক্ত ও বিকৃতভাবে কানে আসে, যা শুনতে খুবই বাজে লাগে। ​ঘোলাটে সাউন্ড কোয়ালিটি: সাউন্ড মোটেও ক্লিয়ার বা ক্রিস্প নয়। ANC অন থাকুক বা অফ, সাউন্ডের ডিটেইলিং একদমই নেই এবং কোনো প্রিমিয়াম ফিল পাওয়া যায় না। ​বাজে বিল্ড কোয়ালিটি: প্রোডাক্টটি হাতে নিলেই বোঝা যায় এর প্লাস্টিক কোয়ালিটি কতটা কমদামী। ​শেষ কথা: এর থেকে Hoco EQ2 অনেক ভালো প্রোডাক্ট ছিল, যাতে ঝামেলা ছাড়া সুন্দর সাউন্ড পাওয়া যেত। শুধু অনলাইনের হাইপ আর স্পন্সরড প্রচার দেখে কেউ এই প্রোডাক্টটি কিনে টাকা নষ্ট করবেন না। একদমই রিকমেন্ড করছি না!",https://lzd-u.slatic.net/038fa9f25ca640e69f89a63ee621d903_c7d0070bf8be4c42844c5a9844a7169b.jpg,output_v4\images\reviews\RV51\img_01.jpg,True,,
RV52,PD02,Daraz,"Hoco | EQ34 Plus Rima | True Wireless Earbuds (TWS) | ANC + ENC | Bluetooth 5.4 | 7h Playback (6h with ANC) | 300mAh Case, 40mAh Buds | App Control & Multi-Device Switching | Lightweight 44.8g.",https://www.daraz.com.bd/products/hoco-eq34-plus-rima-true-wireless-earbuds-tws-anc-enc-bluetooth-54-7h-playback-6h-with-anc-300mah-case-40mah-buds-app-control-multi-device-switching-lightweight-448g-i1575608520-s12646710586.html,https://bd-live-21.slatic.net/kf/S0a82fa470aab484a8878102022a8ff19s.png,output_v4\images\products\PD02.png,4,"২-৩ দিন ইউজ করলাম, সবকিছু ঠিকঠাক আছে, ANC +ENC সুন্দর ভাবে কাজ করে আর বেশ একটা প্রিমিয়াম ফিল পাওয়া যায়। তবে এই বাজেটের অন্যান্য ডিভাইসে যেখানে মেটাল বডি থাকে, সেখানে এটাতে প্লাস্টিক বডি ব্যবহার করা হয়েছে—এই বিষয়টি ছাড়া বাকি সবকিছুই দারুণ। সামগ্রিকভাবে আমি সন্তুষ্ট! ❤️😊",https://lzd-u.slatic.net/867c655f397845de960b68dba18c696e_59fdc6f40d4f475890e6be1ab727c676.jpg | https://lzd-u.slatic.net/71983ac8edc04de68fc352cbffa6185b_3e47977b67404a5c9c20ecae2640566e.jpg | https://lzd-u.slatic.net/867c655f397845de960b68dba18c696e_0e1af37c957045628daef1a44c58552a.jpg | https://lzd-u.slatic.net/867c655f397845de960b68dba18c696e_40677adb7d7e46019256f7894c99359a.jpg | https://lzd-u.slatic.net/867c655f397845de960b68dba18c696e_018e1e48a72e45098ea7b7976d6d5e59.jpg,output_v4\images\reviews\RV52\img_01.jpg | output_v4\images\reviews\RV52\img_02.jpg | output_v4\images\reviews\RV52\img_03.jpg | output_v4\images\reviews\RV52\img_04.jpg | output_v4\images\reviews\RV52\img_05.jpg,True,,
RV53,PD02,Daraz,"Hoco | EQ34 Plus Rima | True Wireless Earbuds (TWS) | ANC + ENC | Bluetooth 5.4 | 7h Playback (6h with ANC) | 300mAh Case, 40mAh Buds | App Control & Multi-Device Switching | Lightweight 44.8g.",https://www.daraz.com.bd/products/hoco-eq34-plus-rima-true-wireless-earbuds-tws-anc-enc-bluetooth-54-7h-playback-6h-with-anc-300mah-case-40mah-buds-app-control-multi-device-switching-lightweight-448g-i1575608520-s12646710586.html,https://bd-live-21.slatic.net/kf/S0a82fa470aab484a8878102022a8ff19s.png,output_v4\images\products\PD02.png,5,"জীবনের প্রথম কোনো earbuds এর ফ্যান হয়ে গেলাম টাও মাত্র ৬৮৮ টাকা পড়েছে আমার🫠অনেক দামি aurbuds ব্যাবহার করেছি কিন্তু এত কম দামে এটা আমাকে মুগ্ধ করেছে,বিশেষ করে Anc+ Enc ও আছে পারফেক্ট কাজ করে চেক করে দেখেছি😍just মাখন 😍 Highly recommend থাকবে চোখ বন্ধ করে নিতে পারেন 🔥 ধন্যবাদ daraz ও সেলার ভাইকে এত কম দামে অরিজিনাল প্রোডাক্ট দেওয়ার জন্য, প্লে স্টোর থেকে hoco music অ্যাপস ডাউনলোড করলে অ্যাপস থেকেই Anc+ Enc নিজেই কন্ট্রোল করা যায় সাথে মারাত্নক সাউন্ড কোয়ালিটি বিশ্বাসী হচ্ছেনা এত কম দামে এটা শুধু daraz বলেই হয়তো সম্ভব🥰 ধন্যবাদ daraz এবং সেলার ভাইকে💖",https://lzd-u.slatic.net/103d72bf57a948ba8fa9fcd4b4007b3e_f761391a30d7488f93102f287861a29b.jpg | https://lzd-u.slatic.net/c52b35b1691e45de890d9648cbed6e5b_c500d9e162384ce68273dec8dd5ffbe2.jpg | https://lzd-u.slatic.net/c52b35b1691e45de890d9648cbed6e5b_beb1a7c9c622474da78370bee8a5d8d8.jpg | https://lzd-u.slatic.net/c52b35b1691e45de890d9648cbed6e5b_8a0aa8550d904e6295ca676d55b72ea9.jpg,output_v4\images\reviews\RV53\img_01.jpg | output_v4\images\reviews\RV53\img_02.jpg | output_v4\images\reviews\RV53\img_03.jpg | output_v4\images\reviews\RV53\img_04.jpg,True,,
RV54,PD02,Daraz,"Hoco | EQ34 Plus Rima | True Wireless Earbuds (TWS) | ANC + ENC | Bluetooth 5.4 | 7h Playback (6h with ANC) | 300mAh Case, 40mAh Buds | App Control & Multi-Device Switching | Lightweight 44.8g.",https://www.daraz.com.bd/products/hoco-eq34-plus-rima-true-wireless-earbuds-tws-anc-enc-bluetooth-54-7h-playback-6h-with-anc-300mah-case-40mah-buds-app-control-multi-device-switching-lightweight-448g-i1575608520-s12646710586.html,https://bd-live-21.slatic.net/kf/S0a82fa470aab484a8878102022a8ff19s.png,output_v4\images\products\PD02.png,5,"মাশাল্লাহ খুবই ভালো,তবে আমি game paly করার জন্য কিনিছিলাম, gaming mode নাই। এ ছাড়া খুবই সুন্দর + ৩ টা মুড আমার খুবই ভালো লেগেছে।",https://lzd-u.slatic.net/c08b45925ec747f48a35b2ee94d52216_1bb8a0a6ac224a92a2028897f099511c.jpg | https://lzd-u.slatic.net/bbdaa482adb9446e8b9e89ebce5a6b7f_dd48fc749574483488d57b87d0b5e380.jpg | https://lzd-u.slatic.net/c08b45925ec747f48a35b2ee94d52216_ce70b4e921ac4cd7b0c18040e5eced8d.jpg,output_v4\images\reviews\RV54\img_01.jpg | output_v4\images\reviews\RV54\img_02.jpg | output_v4\images\reviews\RV54\img_03.jpg,True,,
RV55,PD02,Daraz,"Hoco | EQ34 Plus Rima | True Wireless Earbuds (TWS) | ANC + ENC | Bluetooth 5.4 | 7h Playback (6h with ANC) | 300mAh Case, 40mAh Buds | App Control & Multi-Device Switching | Lightweight 44.8g.",https://www.daraz.com.bd/products/hoco-eq34-plus-rima-true-wireless-earbuds-tws-anc-enc-bluetooth-54-7h-playback-6h-with-anc-300mah-case-40mah-buds-app-control-multi-device-switching-lightweight-448g-i1575608520-s12646710586.html,https://bd-live-21.slatic.net/kf/S0a82fa470aab484a8878102022a8ff19s.png,output_v4\images\products\PD02.png,5,"সাউন্ড বেধে বেঁধে আসে রিভিউ দেখে কিনেছিলাম কিন্তু অতটা ভালো না এর থেকে ৩০০, ৪০০ টাকার গুলো আরো ভালো, এএনসি কাজের না প্রচুর লেক সাউন্ড শুধু বেঁধে বেঁধে আসে",https://lzd-u.slatic.net/71f5650177834d4a938c842298da08b7_9b40ab106f934e3fbe354f13f0543c62.jpg,output_v4\images\reviews\RV55\img_01.jpg,True,,
RV56,PD02,Daraz,"Hoco | EQ34 Plus Rima | True Wireless Earbuds (TWS) | ANC + ENC | Bluetooth 5.4 | 7h Playback (6h with ANC) | 300mAh Case, 40mAh Buds | App Control & Multi-Device Switching | Lightweight 44.8g.",https://www.daraz.com.bd/products/hoco-eq34-plus-rima-true-wireless-earbuds-tws-anc-enc-bluetooth-54-7h-playback-6h-with-anc-300mah-case-40mah-buds-app-control-multi-device-switching-lightweight-448g-i1575608520-s12646710586.html,https://bd-live-21.slatic.net/kf/S0a82fa470aab484a8878102022a8ff19s.png,output_v4\images\products\PD02.png,5,"ভালো ব্র্যান্ড! চার্জ ভালোই টিকে, আর বেশিক্ষণ চালালে কানে ব্যথা করে, মানে এটা সব এয়ারবাড্স এই হয় আরকি। আর ইএনসি+এএনসি ভালোই কাজ করে, টাচ কন্ট্রল টা একটু unstable লাগলো, হয়তো আমার ভুল। একদম বেসিক মোড এও ভালো চলে। ১ ঘন্টায় ৫ পারসেন্ট গেলো।",https://lzd-u.slatic.net/f914671625f44102ab95a02aefed7c98_67e352fbf36b4a0396fd7e2825056962.jpg,output_v4\images\reviews\RV56\img_01.jpg,True,,
RV57,PD02,Daraz,"Hoco | EQ34 Plus Rima | True Wireless Earbuds (TWS) | ANC + ENC | Bluetooth 5.4 | 7h Playback (6h with ANC) | 300mAh Case, 40mAh Buds | App Control & Multi-Device Switching | Lightweight 44.8g.",https://www.daraz.com.bd/products/hoco-eq34-plus-rima-true-wireless-earbuds-tws-anc-enc-bluetooth-54-7h-playback-6h-with-anc-300mah-case-40mah-buds-app-control-multi-device-switching-lightweight-448g-i1575608520-s12646710586.html,https://bd-live-21.slatic.net/kf/S0a82fa470aab484a8878102022a8ff19s.png,output_v4\images\products\PD02.png,5,"২টা কিনেছি ৭৭৭ টাকা পার পিস পরেছে। ১টা খুলেছি, ভালোই মনেহল। নয়েস ক্যান্সেলেশন ভাল কাজ করে, কল কোয়ালিটি ভাল। ইকিউলাইজার সেট করা যায়। কিন্ত Hoco এর এপ টা তেমন স্মুথ না। এটা hoco এর সমস্যা, সেলার ভাল জিনিস ই পাঠিয়েছে।",https://lzd-u.slatic.net/d262ab15131e4efbaeb3b045dee5eb4c_16_1784391663.804622.jpg | https://lzd-u.slatic.net/d262ab15131e4efbaeb3b045dee5eb4c_17_1784391664.127687.jpg | https://lzd-u.slatic.net/d262ab15131e4efbaeb3b045dee5eb4c_18_1784391664.402628.jpg | https://lzd-u.slatic.net/d262ab15131e4efbaeb3b045dee5eb4c_19_1784391664.651814.jpg | https://lzd-u.slatic.net/d262ab15131e4efbaeb3b045dee5eb4c_20_1784391664.955763.jpg | https://lzd-u.slatic.net/d262ab15131e4efbaeb3b045dee5eb4c_21_1784391665.278381.jpg,output_v4\images\reviews\RV57\img_01.jpg | output_v4\images\reviews\RV57\img_02.jpg | output_v4\images\reviews\RV57\img_03.jpg | output_v4\images\reviews\RV57\img_04.jpg | output_v4\images\reviews\RV57\img_05.jpg | output_v4\images\reviews\RV57\img_06.jpg,True,,
RV58,PD02,Daraz,"Hoco | EQ34 Plus Rima | True Wireless Earbuds (TWS) | ANC + ENC | Bluetooth 5.4 | 7h Playback (6h with ANC) | 300mAh Case, 40mAh Buds | App Control & Multi-Device Switching | Lightweight 44.8g.",https://www.daraz.com.bd/products/hoco-eq34-plus-rima-true-wireless-earbuds-tws-anc-enc-bluetooth-54-7h-playback-6h-with-anc-300mah-case-40mah-buds-app-control-multi-device-switching-lightweight-448g-i1575608520-s12646710586.html,https://bd-live-21.slatic.net/kf/S0a82fa470aab484a8878102022a8ff19s.png,output_v4\images\products\PD02.png,5,"এই বাজেট এর মধ্যে অসাধারণ একটি প্রডাক্ট সবাই নিতে পারেন, কোনো সমস্যা নাই, সাউন্ড সিস্টেম টাও ধারুন।",https://lzd-u.slatic.net/58d9c1826bc04e189f193e5ac45edb38_9f941d6f37004f40a5ee8f0077885758.jpg | https://lzd-u.slatic.net/91d72ff898c24687ab7d66f2e0e66e68_6b8afd011b7b4b2797327d83d4a20b4b.jpg,output_v4\images\reviews\RV58\img_01.jpg | output_v4\images\reviews\RV58\img_02.jpg,True,,
RV59,PD02,Daraz,"Hoco | EQ34 Plus Rima | True Wireless Earbuds (TWS) | ANC + ENC | Bluetooth 5.4 | 7h Playback (6h with ANC) | 300mAh Case, 40mAh Buds | App Control & Multi-Device Switching | Lightweight 44.8g.",https://www.daraz.com.bd/products/hoco-eq34-plus-rima-true-wireless-earbuds-tws-anc-enc-bluetooth-54-7h-playback-6h-with-anc-300mah-case-40mah-buds-app-control-multi-device-switching-lightweight-448g-i1575608520-s12646710586.html,https://bd-live-21.slatic.net/kf/S0a82fa470aab484a8878102022a8ff19s.png,output_v4\images\products\PD02.png,5,এই বাজেট এর মধ্যে অসাধারণ একটি প্রডাক্ট সবাই নিতে পারেন কোনো সমস্যা নাই সাউন্ড সিস্টেম টাও ধারুন (ডেলিভারি ম্যান) ভাইটির ব্যবহার অনেক ভালো লাগছে,https://lzd-u.slatic.net/5008c4f157564e5fa61c472fc1675fc7_ab665c78ea6743e7837c661ae55bf353.jpg | https://lzd-u.slatic.net/5008c4f157564e5fa61c472fc1675fc7_10d013f06f2f4c1fac2c0c20b00be2ba.jpg,output_v4\images\reviews\RV59\img_01.jpg | output_v4\images\reviews\RV59\img_02.jpg,True,,
RV60,PD02,Daraz,"Hoco | EQ34 Plus Rima | True Wireless Earbuds (TWS) | ANC + ENC | Bluetooth 5.4 | 7h Playback (6h with ANC) | 300mAh Case, 40mAh Buds | App Control & Multi-Device Switching | Lightweight 44.8g.",https://www.daraz.com.bd/products/hoco-eq34-plus-rima-true-wireless-earbuds-tws-anc-enc-bluetooth-54-7h-playback-6h-with-anc-300mah-case-40mah-buds-app-control-multi-device-switching-lightweight-448g-i1575608520-s12646710586.html,https://bd-live-21.slatic.net/kf/S0a82fa470aab484a8878102022a8ff19s.png,output_v4\images\products\PD02.png,5,"২ মাস পরে রিভিউ দিতেছি,,, আলহামদুলিল্লাহ খুবি ভালো পূর্ণ টি চার্জ অনেক খুন থাকে এবং কলে কথা বলার জন্য ও বেস্ট সাউন্ডের দিগ থেকে ও ভালো",https://lzd-u.slatic.net/aaa13eafe7b642ab810762b2eab52ac9_9d523158793e4bfeb2460a63de99a000.jpg,output_v4\images\reviews\RV60\img_01.jpg,True,,
RV61,PD02,Daraz,"Hoco | EQ34 Plus Rima | True Wireless Earbuds (TWS) | ANC + ENC | Bluetooth 5.4 | 7h Playback (6h with ANC) | 300mAh Case, 40mAh Buds | App Control & Multi-Device Switching | Lightweight 44.8g.",https://www.daraz.com.bd/products/hoco-eq34-plus-rima-true-wireless-earbuds-tws-anc-enc-bluetooth-54-7h-playback-6h-with-anc-300mah-case-40mah-buds-app-control-multi-device-switching-lightweight-448g-i1575608520-s12646710586.html,https://bd-live-21.slatic.net/kf/S0a82fa470aab484a8878102022a8ff19s.png,output_v4\images\products\PD02.png,5,আলহামদুলিল্লাহ ব্লুটুথটা আসলেই অনেক ভালো কথা বলার জন্য। এখন দেখি চার্জ কেমন থাকে। আপনারাও নিতে পারেন। এ পর্যন্ত যত ব্লুটুথ ব্যবহার করেছি তার ভিতর এটাই বেস্ট বলে মনে হইছে আমার কাছে,https://lzd-u.slatic.net/d87b1bcf24b8456fb69b365c9d9c909d_2be51c0afbe446cab7722885d7d7912e.jpg,output_v4\images\reviews\RV61\img_01.jpg,True,,
RV62,PD02,Daraz,"Hoco | EQ34 Plus Rima | True Wireless Earbuds (TWS) | ANC + ENC | Bluetooth 5.4 | 7h Playback (6h with ANC) | 300mAh Case, 40mAh Buds | App Control & Multi-Device Switching | Lightweight 44.8g.",https://www.daraz.com.bd/products/hoco-eq34-plus-rima-true-wireless-earbuds-tws-anc-enc-bluetooth-54-7h-playback-6h-with-anc-300mah-case-40mah-buds-app-control-multi-device-switching-lightweight-448g-i1575608520-s12646710586.html,https://bd-live-21.slatic.net/kf/S0a82fa470aab484a8878102022a8ff19s.png,output_v4\images\products\PD02.png,5,"আমার ডেলিভারি চার্য দিয়ে মোট ৯৭২ টাকা পরছে ভালোই আছে আপনারা চাইলে নিতে পারেন, তবে দারাজে ডেলিভারি চার্য অতিরিক্ত বেশি তাদের উচিত চার্য কমানো .",https://lzd-u.slatic.net/e741adf44ef64fb2a767a02835789fde_7742a951ddad412db437afbf156a2e35.jpg | https://lzd-u.slatic.net/820a8177b0534d8c9fbbba784f96b25e_72c255c306fa48f28c75d26f30c2d8b3.jpg,output_v4\images\reviews\RV62\img_01.jpg | output_v4\images\reviews\RV62\img_02.jpg,True,,
RV63,PD02,Daraz,"Hoco | EQ34 Plus Rima | True Wireless Earbuds (TWS) | ANC + ENC | Bluetooth 5.4 | 7h Playback (6h with ANC) | 300mAh Case, 40mAh Buds | App Control & Multi-Device Switching | Lightweight 44.8g.",https://www.daraz.com.bd/products/hoco-eq34-plus-rima-true-wireless-earbuds-tws-anc-enc-bluetooth-54-7h-playback-6h-with-anc-300mah-case-40mah-buds-app-control-multi-device-switching-lightweight-448g-i1575608520-s12646710586.html,https://bd-live-21.slatic.net/kf/S0a82fa470aab484a8878102022a8ff19s.png,output_v4\images\products\PD02.png,5,অসাধারণ একটা এয়ার বার্ডস অরিজিনাল পাইছি অনেক সুন্দর হয়েছে চাইলে আপনারা নিতে পারেন ভালো জিনিষ,https://lzd-u.slatic.net/33ebd7e14dfc406cbc036181fc8e2b2b_46d4ba7f82eb4e9685bb53d761d7f91a.jpg | https://lzd-u.slatic.net/0bfc58efa13046a78a1d5247e560ff16_a3f2b17111af4b898788f95e227166ea.jpg | https://lzd-u.slatic.net/0bfc58efa13046a78a1d5247e560ff16_0a58cdd137554114a0cbbd524e9b0384.jpg,output_v4\images\reviews\RV63\img_01.jpg | output_v4\images\reviews\RV63\img_02.jpg | output_v4\images\reviews\RV63\img_03.jpg,True,,
RV64,PD02,Daraz,"Hoco | EQ34 Plus Rima | True Wireless Earbuds (TWS) | ANC + ENC | Bluetooth 5.4 | 7h Playback (6h with ANC) | 300mAh Case, 40mAh Buds | App Control & Multi-Device Switching | Lightweight 44.8g.",https://www.daraz.com.bd/products/hoco-eq34-plus-rima-true-wireless-earbuds-tws-anc-enc-bluetooth-54-7h-playback-6h-with-anc-300mah-case-40mah-buds-app-control-multi-device-switching-lightweight-448g-i1575608520-s12646710586.html,https://bd-live-21.slatic.net/kf/S0a82fa470aab484a8878102022a8ff19s.png,output_v4\images\products\PD02.png,5,"এক সপ্তাহ হল হাতে পেয়েছি ,খুবই ভালো,আপনারা চাইলে নিতে পারেন ,কম দামের মধ্যে ভালো প্রোডাক্ট .",https://lzd-u.slatic.net/9e145c80f40248b4b7cd157706b5e467_faba91150718409e8874e2352b0ee602.jpg | https://lzd-u.slatic.net/2d4231404c5a413299113178cd2ba711_031876e85ba64868b2dfceb8a624593b.jpg,output_v4\images\reviews\RV64\img_01.jpg | output_v4\images\reviews\RV64\img_02.jpg,True,,
RV65,PD02,Daraz,"Hoco | EQ34 Plus Rima | True Wireless Earbuds (TWS) | ANC + ENC | Bluetooth 5.4 | 7h Playback (6h with ANC) | 300mAh Case, 40mAh Buds | App Control & Multi-Device Switching | Lightweight 44.8g.",https://www.daraz.com.bd/products/hoco-eq34-plus-rima-true-wireless-earbuds-tws-anc-enc-bluetooth-54-7h-playback-6h-with-anc-300mah-case-40mah-buds-app-control-multi-device-switching-lightweight-448g-i1575608520-s12646710586.html,https://bd-live-21.slatic.net/kf/S0a82fa470aab484a8878102022a8ff19s.png,output_v4\images\products\PD02.png,5,অসাধারণ! এই দামে এমন প্রিমিয়াম ১টা TWS খুজছিলাম মনে মনে। দারাজে পেয়ে গেলাম,https://lzd-u.slatic.net/60f31553ea43432e8f1e5c094687a16a_d4db6f4abf2f49009c671347b9fd246d.jpg | https://lzd-u.slatic.net/60f31553ea43432e8f1e5c094687a16a_2f655c67c248492a983aee37720da52f.jpg,output_v4\images\reviews\RV65\img_01.jpg | output_v4\images\reviews\RV65\img_02.jpg,True,,
RV66,PD02,Daraz,"Hoco | EQ34 Plus Rima | True Wireless Earbuds (TWS) | ANC + ENC | Bluetooth 5.4 | 7h Playback (6h with ANC) | 300mAh Case, 40mAh Buds | App Control & Multi-Device Switching | Lightweight 44.8g.",https://www.daraz.com.bd/products/hoco-eq34-plus-rima-true-wireless-earbuds-tws-anc-enc-bluetooth-54-7h-playback-6h-with-anc-300mah-case-40mah-buds-app-control-multi-device-switching-lightweight-448g-i1575608520-s12646710586.html,https://bd-live-21.slatic.net/kf/S0a82fa470aab484a8878102022a8ff19s.png,output_v4\images\products\PD02.png,5,সুপার অসাধারণ একটি পণ্য । আমার খুব পছন্দ হয়েছে আরেকটি অর্ডার করেছি।,https://lzd-u.slatic.net/f118206ed8bd406faaa69d3bf4d02cc8_1d01cbdaf5424f7fa9dccd4958adb28b.jpg,output_v4\images\reviews\RV66\img_01.jpg,True,,
RV67,PD02,Daraz,"Hoco | EQ34 Plus Rima | True Wireless Earbuds (TWS) | ANC + ENC | Bluetooth 5.4 | 7h Playback (6h with ANC) | 300mAh Case, 40mAh Buds | App Control & Multi-Device Switching | Lightweight 44.8g.",https://www.daraz.com.bd/products/hoco-eq34-plus-rima-true-wireless-earbuds-tws-anc-enc-bluetooth-54-7h-playback-6h-with-anc-300mah-case-40mah-buds-app-control-multi-device-switching-lightweight-448g-i1575608520-s12646710586.html,https://bd-live-21.slatic.net/kf/S0a82fa470aab484a8878102022a8ff19s.png,output_v4\images\products\PD02.png,5,কি বলবো ভাই এক কথায় এই দামে অসাধারণ চোখ বন্ধ করে নিতে পারেন।।,https://lzd-u.slatic.net/e39af290396a4805b7f387c786d2ad6f_fba901ec6c184993b2a706f55166717e.jpg | https://lzd-u.slatic.net/db851daf4f2a4cd6a2d89cf402356ad0_13397174492d43b180eec660cf9c28d2.jpg | https://lzd-u.slatic.net/db851daf4f2a4cd6a2d89cf402356ad0_3023fe11f95048e49b0985b7f0ddcaef.jpg | https://lzd-u.slatic.net/db851daf4f2a4cd6a2d89cf402356ad0_7edfe951d6514f4ebba94d1b7eb689db.jpg | https://lzd-u.slatic.net/db851daf4f2a4cd6a2d89cf402356ad0_7c3d1b14c2924340b7292c0bf1eba9ac.jpg | https://lzd-u.slatic.net/db851daf4f2a4cd6a2d89cf402356ad0_a44f3c6db8bb4d38a36b3b42d98eae26.jpg,output_v4\images\reviews\RV67\img_01.jpg | output_v4\images\reviews\RV67\img_02.jpg | output_v4\images\reviews\RV67\img_03.jpg | output_v4\images\reviews\RV67\img_04.jpg | output_v4\images\reviews\RV67\img_05.jpg | output_v4\images\reviews\RV67\img_06.jpg,True,,
RV68,PD02,Daraz,"Hoco | EQ34 Plus Rima | True Wireless Earbuds (TWS) | ANC + ENC | Bluetooth 5.4 | 7h Playback (6h with ANC) | 300mAh Case, 40mAh Buds | App Control & Multi-Device Switching | Lightweight 44.8g.",https://www.daraz.com.bd/products/hoco-eq34-plus-rima-true-wireless-earbuds-tws-anc-enc-bluetooth-54-7h-playback-6h-with-anc-300mah-case-40mah-buds-app-control-multi-device-switching-lightweight-448g-i1575608520-s12646710586.html,https://bd-live-21.slatic.net/kf/S0a82fa470aab484a8878102022a8ff19s.png,output_v4\images\products\PD02.png,5,"আলহামদুলিল্লাহ অনেক ভালো একটা প্রডাক্ট,সবাই নিতে পারেন 🥰😊",https://lzd-u.slatic.net/a79ab2ecc9a74844a9bfd9fe1dbd4374_c99e45c2465047fa972b4709a1c62eca.jpg | https://lzd-u.slatic.net/a79ab2ecc9a74844a9bfd9fe1dbd4374_89b4a004ed514e569b7ac062f93a0cc9.jpg,output_v4\images\reviews\RV68\img_01.jpg | output_v4\images\reviews\RV68\img_02.jpg,True,,
RV69,PD02,Daraz,"Hoco | EQ34 Plus Rima | True Wireless Earbuds (TWS) | ANC + ENC | Bluetooth 5.4 | 7h Playback (6h with ANC) | 300mAh Case, 40mAh Buds | App Control & Multi-Device Switching | Lightweight 44.8g.",https://www.daraz.com.bd/products/hoco-eq34-plus-rima-true-wireless-earbuds-tws-anc-enc-bluetooth-54-7h-playback-6h-with-anc-300mah-case-40mah-buds-app-control-multi-device-switching-lightweight-448g-i1575608520-s12646710586.html,https://bd-live-21.slatic.net/kf/S0a82fa470aab484a8878102022a8ff19s.png,output_v4\images\products\PD02.png,5,এত কম দামে সত্যিই অনেক ভালো প্রোডাক্ট। আমি 2 টা নিয়েছি।,https://lzd-u.slatic.net/29843a62d7ed495685c7aec67eb5231c_830235919ed54ed7bbb583ec76a1662b.jpg,output_v4\images\reviews\RV69\img_01.jpg,True,,
RV70,PD02,Daraz,"Hoco | EQ34 Plus Rima | True Wireless Earbuds (TWS) | ANC + ENC | Bluetooth 5.4 | 7h Playback (6h with ANC) | 300mAh Case, 40mAh Buds | App Control & Multi-Device Switching | Lightweight 44.8g.",https://www.daraz.com.bd/products/hoco-eq34-plus-rima-true-wireless-earbuds-tws-anc-enc-bluetooth-54-7h-playback-6h-with-anc-300mah-case-40mah-buds-app-control-multi-device-switching-lightweight-448g-i1575608520-s12646710586.html,https://bd-live-21.slatic.net/kf/S0a82fa470aab484a8878102022a8ff19s.png,output_v4\images\products\PD02.png,5,"খুবই সুন্দর, দামের সাথে জিনিসটিও সুন্দর মানেও খুব ভালো।",https://lzd-u.slatic.net/017702335f6b4be384c4fc9346a91e31_5a366d19d75a4f8a8b6020960171892b.jpg,output_v4\images\reviews\RV70\img_01.jpg,True,,
RV71,PD02,Daraz,"Hoco | EQ34 Plus Rima | True Wireless Earbuds (TWS) | ANC + ENC | Bluetooth 5.4 | 7h Playback (6h with ANC) | 300mAh Case, 40mAh Buds | App Control & Multi-Device Switching | Lightweight 44.8g.",https://www.daraz.com.bd/products/hoco-eq34-plus-rima-true-wireless-earbuds-tws-anc-enc-bluetooth-54-7h-playback-6h-with-anc-300mah-case-40mah-buds-app-control-multi-device-switching-lightweight-448g-i1575608520-s12646710586.html,https://bd-live-21.slatic.net/kf/S0a82fa470aab484a8878102022a8ff19s.png,output_v4\images\products\PD02.png,5,"আলহামদুলিল্লাহ সঠিক জিনিস পেয়েছি, সবাই চাইলে নিতে পারেন",https://lzd-u.slatic.net/525b8674af904f869cb91871031d22aa_f12c76124570482fa324d51fa32715e7.jpg | https://lzd-u.slatic.net/e64201e51f6f44f893e526966aa29903_318651c5cdd14887b4329dbdd6eafc8c.jpg,output_v4\images\reviews\RV71\img_01.jpg | output_v4\images\reviews\RV71\img_02.jpg,True,,
RV72,PD02,Daraz,"Hoco | EQ34 Plus Rima | True Wireless Earbuds (TWS) | ANC + ENC | Bluetooth 5.4 | 7h Playback (6h with ANC) | 300mAh Case, 40mAh Buds | App Control & Multi-Device Switching | Lightweight 44.8g.",https://www.daraz.com.bd/products/hoco-eq34-plus-rima-true-wireless-earbuds-tws-anc-enc-bluetooth-54-7h-playback-6h-with-anc-300mah-case-40mah-buds-app-control-multi-device-switching-lightweight-448g-i1575608520-s12646710586.html,https://bd-live-21.slatic.net/kf/S0a82fa470aab484a8878102022a8ff19s.png,output_v4\images\products\PD02.png,4,দাম হিসাবে সাউন্ড কোয়ালিটি এবং কল কোয়ালিটি ভালোই আছে।,https://lzd-u.slatic.net/eabf9dfae5f042d98a34951bcb5af10a_603770bd6c7e4acb8f3defc44d49128c.jpg,output_v4\images\reviews\RV72\img_01.jpg,True,,
RV73,PD02,Daraz,"Hoco | EQ34 Plus Rima | True Wireless Earbuds (TWS) | ANC + ENC | Bluetooth 5.4 | 7h Playback (6h with ANC) | 300mAh Case, 40mAh Buds | App Control & Multi-Device Switching | Lightweight 44.8g.",https://www.daraz.com.bd/products/hoco-eq34-plus-rima-true-wireless-earbuds-tws-anc-enc-bluetooth-54-7h-playback-6h-with-anc-300mah-case-40mah-buds-app-control-multi-device-switching-lightweight-448g-i1575608520-s12646710586.html,https://bd-live-21.slatic.net/kf/S0a82fa470aab484a8878102022a8ff19s.png,output_v4\images\products\PD02.png,5,এ TWS এ দাম হিসেবে অনেক ভালো। চাইলে সবাই নিতে পারেন।,https://lzd-u.slatic.net/37e41e3df260478ba2b83e1e8b718126_62060e6e5d834d80bd7a6e06296bd604.jpg,output_v4\images\reviews\RV73\img_01.jpg,True,,
RV74,PD02,Daraz,"Hoco | EQ34 Plus Rima | True Wireless Earbuds (TWS) | ANC + ENC | Bluetooth 5.4 | 7h Playback (6h with ANC) | 300mAh Case, 40mAh Buds | App Control & Multi-Device Switching | Lightweight 44.8g.",https://www.daraz.com.bd/products/hoco-eq34-plus-rima-true-wireless-earbuds-tws-anc-enc-bluetooth-54-7h-playback-6h-with-anc-300mah-case-40mah-buds-app-control-multi-device-switching-lightweight-448g-i1575608520-s12646710586.html,https://bd-live-21.slatic.net/kf/S0a82fa470aab484a8878102022a8ff19s.png,output_v4\images\products\PD02.png,5,সাউন্ড আসে না।২ কানের ২ টা একটাতে ও কোন সাউন্ড আসে না,https://lzd-u.slatic.net/48f1ac2b64e64f0b98ec145737d18d25_a844efe940cb4bd48bc63e1bb6a3664c.jpg | https://lzd-u.slatic.net/48f1ac2b64e64f0b98ec145737d18d25_da222e1ac0ef474dac88ecc973cb1d74.jpg,output_v4\images\reviews\RV74\img_01.jpg | output_v4\images\reviews\RV74\img_02.jpg,True,,
RV75,PD02,Daraz,"Hoco | EQ34 Plus Rima | True Wireless Earbuds (TWS) | ANC + ENC | Bluetooth 5.4 | 7h Playback (6h with ANC) | 300mAh Case, 40mAh Buds | App Control & Multi-Device Switching | Lightweight 44.8g.",https://www.daraz.com.bd/products/hoco-eq34-plus-rima-true-wireless-earbuds-tws-anc-enc-bluetooth-54-7h-playback-6h-with-anc-300mah-case-40mah-buds-app-control-multi-device-switching-lightweight-448g-i1575608520-s12646710586.html,https://bd-live-21.slatic.net/kf/S0a82fa470aab484a8878102022a8ff19s.png,output_v4\images\products\PD02.png,5,এটার তুলনা হয় না। এত অল্প দামে এই পডটি সত্যই অসাধারণ,https://lzd-u.slatic.net/5663e135c4214d018f4364b14eff7146_e1ed2e1aab48430aa9a525a24f683e0e.jpg,output_v4\images\reviews\RV75\img_01.jpg,True,,
RV76,PD02,Daraz,"Hoco | EQ34 Plus Rima | True Wireless Earbuds (TWS) | ANC + ENC | Bluetooth 5.4 | 7h Playback (6h with ANC) | 300mAh Case, 40mAh Buds | App Control & Multi-Device Switching | Lightweight 44.8g.",https://www.daraz.com.bd/products/hoco-eq34-plus-rima-true-wireless-earbuds-tws-anc-enc-bluetooth-54-7h-playback-6h-with-anc-300mah-case-40mah-buds-app-control-multi-device-switching-lightweight-448g-i1575608520-s12646710586.html,https://bd-live-21.slatic.net/kf/S0a82fa470aab484a8878102022a8ff19s.png,output_v4\images\products\PD02.png,5,আলহামদুলিল্লাহ্ ভালো আছে । 1 মাস পর review দিলাম।,https://lzd-u.slatic.net/b7102bdfb0bb46828147474981e87491_c6f5e4ce87654ff08bbc20bf84f918c2.jpg,output_v4\images\reviews\RV76\img_01.jpg,True,,
RV77,PD02,Daraz,"Hoco | EQ34 Plus Rima | True Wireless Earbuds (TWS) | ANC + ENC | Bluetooth 5.4 | 7h Playback (6h with ANC) | 300mAh Case, 40mAh Buds | App Control & Multi-Device Switching | Lightweight 44.8g.",https://www.daraz.com.bd/products/hoco-eq34-plus-rima-true-wireless-earbuds-tws-anc-enc-bluetooth-54-7h-playback-6h-with-anc-300mah-case-40mah-buds-app-control-multi-device-switching-lightweight-448g-i1575608520-s12646710586.html,https://bd-live-21.slatic.net/kf/S0a82fa470aab484a8878102022a8ff19s.png,output_v4\images\products\PD02.png,5,এই প্রাইজে অনেক ভালো। original product 100% .,https://lzd-u.slatic.net/eb9563f83c1e4cd28b6278fec1a38f95_7b690c5243794b5ea68a1aff18d9f21b.jpg | https://lzd-u.slatic.net/c93d7a0c1eff4d9fb44eb90e530b0262_35b3afdab46a4be996984e19f072b49a.jpg | https://lzd-u.slatic.net/eb9563f83c1e4cd28b6278fec1a38f95_cdfb28fcb5194005b52e85d8978b796e.jpg,output_v4\images\reviews\RV77\img_01.jpg | output_v4\images\reviews\RV77\img_02.jpg | output_v4\images\reviews\RV77\img_03.jpg,True,,
RV78,PD02,Daraz,"Hoco | EQ34 Plus Rima | True Wireless Earbuds (TWS) | ANC + ENC | Bluetooth 5.4 | 7h Playback (6h with ANC) | 300mAh Case, 40mAh Buds | App Control & Multi-Device Switching | Lightweight 44.8g.",https://www.daraz.com.bd/products/hoco-eq34-plus-rima-true-wireless-earbuds-tws-anc-enc-bluetooth-54-7h-playback-6h-with-anc-300mah-case-40mah-buds-app-control-multi-device-switching-lightweight-448g-i1575608520-s12646710586.html,https://bd-live-21.slatic.net/kf/S0a82fa470aab484a8878102022a8ff19s.png,output_v4\images\products\PD02.png,5,এখনো খোলা হয় নাই। তবে মনে হচ্ছে অরিজিনাল হবে।,https://lzd-u.slatic.net/231bf5b7dd0b43b6a800a73e382b1f90_bc264b5801904967a4e20148962be09a.jpg | https://lzd-u.slatic.net/231bf5b7dd0b43b6a800a73e382b1f90_6e70c5a7d20d4a38a8670c88d92a0aa7.jpg,output_v4\images\reviews\RV78\img_01.jpg | output_v4\images\reviews\RV78\img_02.jpg,True,,
RV79,PD02,Daraz,"Hoco | EQ34 Plus Rima | True Wireless Earbuds (TWS) | ANC + ENC | Bluetooth 5.4 | 7h Playback (6h with ANC) | 300mAh Case, 40mAh Buds | App Control & Multi-Device Switching | Lightweight 44.8g.",https://www.daraz.com.bd/products/hoco-eq34-plus-rima-true-wireless-earbuds-tws-anc-enc-bluetooth-54-7h-playback-6h-with-anc-300mah-case-40mah-buds-app-control-multi-device-switching-lightweight-448g-i1575608520-s12646710586.html,https://bd-live-21.slatic.net/kf/S0a82fa470aab484a8878102022a8ff19s.png,output_v4\images\products\PD02.png,5,"প্রোডাক্ট অরিজিনাল, সাউন্ডে মিড বেস বেশি",https://lzd-u.slatic.net/4a10a67f6f5146e496b973671a6f346b_4502f43fdb83460abb44f7c4655f4349.jpg | https://lzd-u.slatic.net/984b50a1b7f142e7ac3579cccd14a08b_95c7670038064239bd1bb7f41360e5fc.jpg,output_v4\images\reviews\RV79\img_01.jpg | output_v4\images\reviews\RV79\img_02.jpg,True,,
RV80,PD02,Daraz,"Hoco | EQ34 Plus Rima | True Wireless Earbuds (TWS) | ANC + ENC | Bluetooth 5.4 | 7h Playback (6h with ANC) | 300mAh Case, 40mAh Buds | App Control & Multi-Device Switching | Lightweight 44.8g.",https://www.daraz.com.bd/products/hoco-eq34-plus-rima-true-wireless-earbuds-tws-anc-enc-bluetooth-54-7h-playback-6h-with-anc-300mah-case-40mah-buds-app-control-multi-device-switching-lightweight-448g-i1575608520-s12646710586.html,https://bd-live-21.slatic.net/kf/S0a82fa470aab484a8878102022a8ff19s.png,output_v4\images\products\PD02.png,5,ভালই আপনারা নিতে পারেন চাইলে 🤍🤍🖤🤍,https://lzd-u.slatic.net/b76c38705cbe4535be2b38cac14e6af0_6_1787884820.544611.jpg | https://lzd-u.slatic.net/b76c38705cbe4535be2b38cac14e6af0_7_1787884820.550098.jpg | https://lzd-u.slatic.net/b76c38705cbe4535be2b38cac14e6af0_8_1787884820.553925.jpg,output_v4\images\reviews\RV80\img_01.jpg | output_v4\images\reviews\RV80\img_02.jpg | output_v4\images\reviews\RV80\img_03.jpg,True,,
RV81,PD02,Daraz,"Hoco | EQ34 Plus Rima | True Wireless Earbuds (TWS) | ANC + ENC | Bluetooth 5.4 | 7h Playback (6h with ANC) | 300mAh Case, 40mAh Buds | App Control & Multi-Device Switching | Lightweight 44.8g.",https://www.daraz.com.bd/products/hoco-eq34-plus-rima-true-wireless-earbuds-tws-anc-enc-bluetooth-54-7h-playback-6h-with-anc-300mah-case-40mah-buds-app-control-multi-device-switching-lightweight-448g-i1575608520-s12646710586.html,https://bd-live-21.slatic.net/kf/S0a82fa470aab484a8878102022a8ff19s.png,output_v4\images\products\PD02.png,5,"এই বাজেটে টেরা চায়লে সবাই নিতে পারেন,,",https://lzd-u.slatic.net/f43a52f4de7c43a0bd78bc44961dfffa_52660ad15e864755b89f35385cf72ee0.jpg,output_v4\images\reviews\RV81\img_01.jpg,True,,
RV82,PD02,Daraz,"Hoco | EQ34 Plus Rima | True Wireless Earbuds (TWS) | ANC + ENC | Bluetooth 5.4 | 7h Playback (6h with ANC) | 300mAh Case, 40mAh Buds | App Control & Multi-Device Switching | Lightweight 44.8g.",https://www.daraz.com.bd/products/hoco-eq34-plus-rima-true-wireless-earbuds-tws-anc-enc-bluetooth-54-7h-playback-6h-with-anc-300mah-case-40mah-buds-app-control-multi-device-switching-lightweight-448g-i1575608520-s12646710586.html,https://bd-live-21.slatic.net/kf/S0a82fa470aab484a8878102022a8ff19s.png,output_v4\images\products\PD02.png,5,"ভালো পণ্য দিয়েছেন, ধন্যবাদ সেলার ভাই।",https://lzd-u.slatic.net/d31c00f9e8194c188aed085cb3a8b58c_60d5878a0e4b48e3aaf1785b933440e4.jpg,output_v4\images\reviews\RV82\img_01.jpg,True,,
RV83,PD02,Daraz,"Hoco | EQ34 Plus Rima | True Wireless Earbuds (TWS) | ANC + ENC | Bluetooth 5.4 | 7h Playback (6h with ANC) | 300mAh Case, 40mAh Buds | App Control & Multi-Device Switching | Lightweight 44.8g.",https://www.daraz.com.bd/products/hoco-eq34-plus-rima-true-wireless-earbuds-tws-anc-enc-bluetooth-54-7h-playback-6h-with-anc-300mah-case-40mah-buds-app-control-multi-device-switching-lightweight-448g-i1575608520-s12646710586.html,https://bd-live-21.slatic.net/kf/S0a82fa470aab484a8878102022a8ff19s.png,output_v4\images\products\PD02.png,5,"ভালো পণ্য দিয়েছেন, ধন্যবাদ সেলার ভাই।",https://lzd-u.slatic.net/d31c00f9e8194c188aed085cb3a8b58c_bacbc98a5d1a46bdbf464e558070f834.jpg,output_v4\images\reviews\RV83\img_01.jpg,True,,
RV84,PD02,Daraz,"Hoco | EQ34 Plus Rima | True Wireless Earbuds (TWS) | ANC + ENC | Bluetooth 5.4 | 7h Playback (6h with ANC) | 300mAh Case, 40mAh Buds | App Control & Multi-Device Switching | Lightweight 44.8g.",https://www.daraz.com.bd/products/hoco-eq34-plus-rima-true-wireless-earbuds-tws-anc-enc-bluetooth-54-7h-playback-6h-with-anc-300mah-case-40mah-buds-app-control-multi-device-switching-lightweight-448g-i1575608520-s12646710586.html,https://bd-live-21.slatic.net/kf/S0a82fa470aab484a8878102022a8ff19s.png,output_v4\images\products\PD02.png,5,খুবই ভালো প্রডাক্ট চাইলে নিতে পারেন,https://lzd-u.slatic.net/545cde72e4374e5c8017634fe42414c1_a4ff1bf5af6f493d9e2dd0dab9e3458f.jpg | https://lzd-u.slatic.net/545cde72e4374e5c8017634fe42414c1_060698cf28434229a19abbda22e6efda.jpg | https://lzd-u.slatic.net/545cde72e4374e5c8017634fe42414c1_75b908e46c384d9a80071a6fc91be725.jpg | https://lzd-u.slatic.net/545cde72e4374e5c8017634fe42414c1_20bb570aeee84b9f9aaf1c0f3d7f9aeb.jpg,output_v4\images\reviews\RV84\img_01.jpg | output_v4\images\reviews\RV84\img_02.jpg | output_v4\images\reviews\RV84\img_03.jpg | output_v4\images\reviews\RV84\img_04.jpg,True,,
RV85,PD02,Daraz,"Hoco | EQ34 Plus Rima | True Wireless Earbuds (TWS) | ANC + ENC | Bluetooth 5.4 | 7h Playback (6h with ANC) | 300mAh Case, 40mAh Buds | App Control & Multi-Device Switching | Lightweight 44.8g.",https://www.daraz.com.bd/products/hoco-eq34-plus-rima-true-wireless-earbuds-tws-anc-enc-bluetooth-54-7h-playback-6h-with-anc-300mah-case-40mah-buds-app-control-multi-device-switching-lightweight-448g-i1575608520-s12646710586.html,https://bd-live-21.slatic.net/kf/S0a82fa470aab484a8878102022a8ff19s.png,output_v4\images\products\PD02.png,5,আমি এটা আজকে নিয়েছি অনেক ভালো আইছি,https://lzd-u.slatic.net/e2dc2d4701ce472c827fab8104efa588_e34536edecde49cdb78291bb7552d570.jpg,output_v4\images\reviews\RV85\img_01.jpg,True,,
RV86,PD02,Daraz,"Hoco | EQ34 Plus Rima | True Wireless Earbuds (TWS) | ANC + ENC | Bluetooth 5.4 | 7h Playback (6h with ANC) | 300mAh Case, 40mAh Buds | App Control & Multi-Device Switching | Lightweight 44.8g.",https://www.daraz.com.bd/products/hoco-eq34-plus-rima-true-wireless-earbuds-tws-anc-enc-bluetooth-54-7h-playback-6h-with-anc-300mah-case-40mah-buds-app-control-multi-device-switching-lightweight-448g-i1575608520-s12646710586.html,https://bd-live-21.slatic.net/kf/S0a82fa470aab484a8878102022a8ff19s.png,output_v4\images\products\PD02.png,5,ভাই প্রোডাক্ট ভালো আছে টাকা আসুন,https://lzd-u.slatic.net/013994de05c54f729afa6b64df8a39fa_02c44cf089544748bb42d1c329079e15.jpg | https://lzd-u.slatic.net/013994de05c54f729afa6b64df8a39fa_e9562fc2f51c4823a82fbcd9a936754d.jpg,output_v4\images\reviews\RV86\img_01.jpg | output_v4\images\reviews\RV86\img_02.jpg,True,,
RV87,PD02,Daraz,"Hoco | EQ34 Plus Rima | True Wireless Earbuds (TWS) | ANC + ENC | Bluetooth 5.4 | 7h Playback (6h with ANC) | 300mAh Case, 40mAh Buds | App Control & Multi-Device Switching | Lightweight 44.8g.",https://www.daraz.com.bd/products/hoco-eq34-plus-rima-true-wireless-earbuds-tws-anc-enc-bluetooth-54-7h-playback-6h-with-anc-300mah-case-40mah-buds-app-control-multi-device-switching-lightweight-448g-i1575608520-s12646710586.html,https://bd-live-21.slatic.net/kf/S0a82fa470aab484a8878102022a8ff19s.png,output_v4\images\products\PD02.png,5,আলহামদুলিল্লাহ। ভালো প্রোডাক্ট।,https://lzd-u.slatic.net/801498817f3243acb19245073059ffb4_d97cdb2a922b4ad88727577cb8518e68.jpg | https://lzd-u.slatic.net/801498817f3243acb19245073059ffb4_2ae2dde6d786456d9a9bef530abc8365.jpg | https://lzd-u.slatic.net/801498817f3243acb19245073059ffb4_df607c3a8c334fe68f6e81b02fe75c8b.jpg,output_v4\images\reviews\RV87\img_01.jpg | output_v4\images\reviews\RV87\img_02.jpg | output_v4\images\reviews\RV87\img_03.jpg,True,,
RV88,PD02,Daraz,"Hoco | EQ34 Plus Rima | True Wireless Earbuds (TWS) | ANC + ENC | Bluetooth 5.4 | 7h Playback (6h with ANC) | 300mAh Case, 40mAh Buds | App Control & Multi-Device Switching | Lightweight 44.8g.",https://www.daraz.com.bd/products/hoco-eq34-plus-rima-true-wireless-earbuds-tws-anc-enc-bluetooth-54-7h-playback-6h-with-anc-300mah-case-40mah-buds-app-control-multi-device-switching-lightweight-448g-i1575608520-s12646710586.html,https://bd-live-21.slatic.net/kf/S0a82fa470aab484a8878102022a8ff19s.png,output_v4\images\products\PD02.png,5,এই বাজেটে ভালোই,https://lzd-u.slatic.net/e5be64bb1b5a460582d5a8d7eba0f4a1_eecc3359187741908c4e144468095115.jpg,output_v4\images\reviews\RV88\img_01.jpg,True,,
RV89,PD02,Daraz,"Hoco | EQ34 Plus Rima | True Wireless Earbuds (TWS) | ANC + ENC | Bluetooth 5.4 | 7h Playback (6h with ANC) | 300mAh Case, 40mAh Buds | App Control & Multi-Device Switching | Lightweight 44.8g.",https://www.daraz.com.bd/products/hoco-eq34-plus-rima-true-wireless-earbuds-tws-anc-enc-bluetooth-54-7h-playback-6h-with-anc-300mah-case-40mah-buds-app-control-multi-device-switching-lightweight-448g-i1575608520-s12646710586.html,https://bd-live-21.slatic.net/kf/S0a82fa470aab484a8878102022a8ff19s.png,output_v4\images\products\PD02.png,5,আলহামদুলিল্লাহ,https://lzd-u.slatic.net/29e194f059334971968ed80b38aabea7_28b5f0d083f047d2925eb8f153898e8f.jpg | https://lzd-u.slatic.net/5030142c0d62439381a725a0d85b3f76_eb200910e12544bdbeb7192cdaab2594.jpg | https://lzd-u.slatic.net/29e194f059334971968ed80b38aabea7_2980d294aea84910b4130df3763a1b41.jpg,output_v4\images\reviews\RV89\img_01.jpg | output_v4\images\reviews\RV89\img_02.jpg | output_v4\images\reviews\RV89\img_03.jpg,True,,
RV90,PD02,Daraz,"Hoco | EQ34 Plus Rima | True Wireless Earbuds (TWS) | ANC + ENC | Bluetooth 5.4 | 7h Playback (6h with ANC) | 300mAh Case, 40mAh Buds | App Control & Multi-Device Switching | Lightweight 44.8g.",https://www.daraz.com.bd/products/hoco-eq34-plus-rima-true-wireless-earbuds-tws-anc-enc-bluetooth-54-7h-playback-6h-with-anc-300mah-case-40mah-buds-app-control-multi-device-switching-lightweight-448g-i1575608520-s12646710586.html,https://bd-live-21.slatic.net/kf/S0a82fa470aab484a8878102022a8ff19s.png,output_v4\images\products\PD02.png,5,খুবই ভালো,https://lzd-u.slatic.net/99a11b59cfce46799e1fb257b8c1feb7_1_1785303615.994192.jpg,output_v4\images\reviews\RV90\img_01.jpg,True,,
RV91,PD02,Daraz,"Hoco | EQ34 Plus Rima | True Wireless Earbuds (TWS) | ANC + ENC | Bluetooth 5.4 | 7h Playback (6h with ANC) | 300mAh Case, 40mAh Buds | App Control & Multi-Device Switching | Lightweight 44.8g.",https://www.daraz.com.bd/products/hoco-eq34-plus-rima-true-wireless-earbuds-tws-anc-enc-bluetooth-54-7h-playback-6h-with-anc-300mah-case-40mah-buds-app-control-multi-device-switching-lightweight-448g-i1575608520-s12646710586.html,https://bd-live-21.slatic.net/kf/S0a82fa470aab484a8878102022a8ff19s.png,output_v4\images\products\PD02.png,4,ভালো আছে,https://lzd-u.slatic.net/044152a921c242cabd17326f1d3fd391_27bbdfc46d0140cf918b657819dc77c4.jpg,output_v4\images\reviews\RV91\img_01.jpg,True,,
RV92,PD02,Daraz,"Hoco | EQ34 Plus Rima | True Wireless Earbuds (TWS) | ANC + ENC | Bluetooth 5.4 | 7h Playback (6h with ANC) | 300mAh Case, 40mAh Buds | App Control & Multi-Device Switching | Lightweight 44.8g.",https://www.daraz.com.bd/products/hoco-eq34-plus-rima-true-wireless-earbuds-tws-anc-enc-bluetooth-54-7h-playback-6h-with-anc-300mah-case-40mah-buds-app-control-multi-device-switching-lightweight-448g-i1575608520-s12646710586.html,https://bd-live-21.slatic.net/kf/S0a82fa470aab484a8878102022a8ff19s.png,output_v4\images\products\PD02.png,1,QR কোড স্ক্যান করার পর রেজাল্ট আসলো fake প্রোডাক্ট। hoco.music অ্যাপ এ ও কানেক্ট হয় না। আপনারা কেন fake প্রোডাক্ট অরিজিনাল বলে চালাচ্ছেন!!,https://lzd-u.slatic.net/8a25240d0e744a8b94395cafb594f9c2_faa83a987b5941408b3179256a9cd4c2.jpg,output_v4\images\reviews\RV92\img_01.jpg,True,,
RV93,PD02,Daraz,"Hoco | EQ34 Plus Rima | True Wireless Earbuds (TWS) | ANC + ENC | Bluetooth 5.4 | 7h Playback (6h with ANC) | 300mAh Case, 40mAh Buds | App Control & Multi-Device Switching | Lightweight 44.8g.",https://www.daraz.com.bd/products/hoco-eq34-plus-rima-true-wireless-earbuds-tws-anc-enc-bluetooth-54-7h-playback-6h-with-anc-300mah-case-40mah-buds-app-control-multi-device-switching-lightweight-448g-i1575608520-s12646710586.html,https://bd-live-21.slatic.net/kf/S0a82fa470aab484a8878102022a8ff19s.png,output_v4\images\products\PD02.png,5,২য় বার অর্ডার করলাম। এবার ২টা অর্ডার করেছি একসাথে। চার্জ Hoco eq2 অপেক্ষা অনেক কম থাকে এবং কেস এর চার্জ ও বেশ দ্রুত শেষ হয়ে যায়। তবে সাউন্ড কোয়ালিটি ভাল।,,,True,,
RV94,PD02,Daraz,"Hoco | EQ34 Plus Rima | True Wireless Earbuds (TWS) | ANC + ENC | Bluetooth 5.4 | 7h Playback (6h with ANC) | 300mAh Case, 40mAh Buds | App Control & Multi-Device Switching | Lightweight 44.8g.",https://www.daraz.com.bd/products/hoco-eq34-plus-rima-true-wireless-earbuds-tws-anc-enc-bluetooth-54-7h-playback-6h-with-anc-300mah-case-40mah-buds-app-control-multi-device-switching-lightweight-448g-i1575608520-s12646710586.html,https://bd-live-21.slatic.net/kf/S0a82fa470aab484a8878102022a8ff19s.png,output_v4\images\products\PD02.png,4,রিভিউ দেখে অর্ডার করেছিলাম আজ হাতে পেয়েছি ব্যবহার করে দেখি কেমন । সাউন্ড কোয়ালিটি গুড। সেলারকে অশেষ ধন্যবাদ এবং ডেলিভারি ম্যান কে অনেক ধন্যবাদ।,,,True,,
RV95,PD02,Daraz,"Hoco | EQ34 Plus Rima | True Wireless Earbuds (TWS) | ANC + ENC | Bluetooth 5.4 | 7h Playback (6h with ANC) | 300mAh Case, 40mAh Buds | App Control & Multi-Device Switching | Lightweight 44.8g.",https://www.daraz.com.bd/products/hoco-eq34-plus-rima-true-wireless-earbuds-tws-anc-enc-bluetooth-54-7h-playback-6h-with-anc-300mah-case-40mah-buds-app-control-multi-device-switching-lightweight-448g-i1575608520-s12646710586.html,https://bd-live-21.slatic.net/kf/S0a82fa470aab484a8878102022a8ff19s.png,output_v4\images\products\PD02.png,5,"মোটামুটি মানের Airpods, Sound er bass Average আর গানের বা কথার সাউণ্ড কিছুটা Hollow Effect থাকে। গেমিং এর জন্য ল্যাটেন্সি সমস্যা আছে। মোটামুটি মানের গান শুনা ও ব্যাসিক কথা বলা এটুকুই এটা দিয়ে করা যাবে",,,True,,
RV96,PD02,Daraz,"Hoco | EQ34 Plus Rima | True Wireless Earbuds (TWS) | ANC + ENC | Bluetooth 5.4 | 7h Playback (6h with ANC) | 300mAh Case, 40mAh Buds | App Control & Multi-Device Switching | Lightweight 44.8g.",https://www.daraz.com.bd/products/hoco-eq34-plus-rima-true-wireless-earbuds-tws-anc-enc-bluetooth-54-7h-playback-6h-with-anc-300mah-case-40mah-buds-app-control-multi-device-switching-lightweight-448g-i1575608520-s12646710586.html,https://bd-live-21.slatic.net/kf/S0a82fa470aab484a8878102022a8ff19s.png,output_v4\images\products\PD02.png,4,এক দিনের মধ্যে প্রোডাক্ট টা হাতে আসে এই জন্য daraz কে ধন্যবাদ । এই TWS এর সাউন্ড কোয়ালিটি এই দামের মধ্যে খুবই ভালো। বেস আর ANC ভালো। যাদের বাজেট কম তাদের জন্য এটি একটা ভালো প্রোডাক্ট ।,,,True,,
RV97,PD02,Daraz,"Hoco | EQ34 Plus Rima | True Wireless Earbuds (TWS) | ANC + ENC | Bluetooth 5.4 | 7h Playback (6h with ANC) | 300mAh Case, 40mAh Buds | App Control & Multi-Device Switching | Lightweight 44.8g.",https://www.daraz.com.bd/products/hoco-eq34-plus-rima-true-wireless-earbuds-tws-anc-enc-bluetooth-54-7h-playback-6h-with-anc-300mah-case-40mah-buds-app-control-multi-device-switching-lightweight-448g-i1575608520-s12646710586.html,https://bd-live-21.slatic.net/kf/S0a82fa470aab484a8878102022a8ff19s.png,output_v4\images\products\PD02.png,5,"প্রোডাক্ট আসলে ভালো,আমি ব্যাবহার করতেছি , আমার টা দেখে অন্য বন্ধুরা পছন্দ করেছে তাই এই নিয়ে ৫ টা কিনলাম।",,,True,,
RV98,PD02,Daraz,"Hoco | EQ34 Plus Rima | True Wireless Earbuds (TWS) | ANC + ENC | Bluetooth 5.4 | 7h Playback (6h with ANC) | 300mAh Case, 40mAh Buds | App Control & Multi-Device Switching | Lightweight 44.8g.",https://www.daraz.com.bd/products/hoco-eq34-plus-rima-true-wireless-earbuds-tws-anc-enc-bluetooth-54-7h-playback-6h-with-anc-300mah-case-40mah-buds-app-control-multi-device-switching-lightweight-448g-i1575608520-s12646710586.html,https://bd-live-21.slatic.net/kf/S0a82fa470aab484a8878102022a8ff19s.png,output_v4\images\products\PD02.png,5,"নিয়েছি প্রায় এক মাস হয়েছে, এই বাজেট অনুযায়ী যথেষ্ট ভালো, এখন পর্যন্ত কোন প্রকার সমস্যা পায়নি, দেখা যাক কতদিন এভাবে সার্ভিস দিতে পারে 🥰",,,True,,
RV99,PD02,Daraz,"Hoco | EQ34 Plus Rima | True Wireless Earbuds (TWS) | ANC + ENC | Bluetooth 5.4 | 7h Playback (6h with ANC) | 300mAh Case, 40mAh Buds | App Control & Multi-Device Switching | Lightweight 44.8g.",https://www.daraz.com.bd/products/hoco-eq34-plus-rima-true-wireless-earbuds-tws-anc-enc-bluetooth-54-7h-playback-6h-with-anc-300mah-case-40mah-buds-app-control-multi-device-switching-lightweight-448g-i1575608520-s12646710586.html,https://bd-live-21.slatic.net/kf/S0a82fa470aab484a8878102022a8ff19s.png,output_v4\images\products\PD02.png,2,"সাউন্ড কোয়ালিটি ভালো লাগে নি , এর থেকে 200 টাকা দামের তারের হেডফোন ( geoo x 10) অনেক ভালো সাউন্ড দেয় ,সাউন্ড ক্রিসপি না, আর স্টিকার উঠানোর পর ঠিক মতো void লেখা দেখা যায় না, যদিও qr কোড এবং করে বলছে অরিজিনাল",https://lzd-u.slatic.net/dfb027e63c374d02aae19647ae2bfba7_1f732cf01f0144ebb2a5e88966f66e26.jpg | https://lzd-u.slatic.net/dfb027e63c374d02aae19647ae2bfba7_ed4701753c09496a8c97bda814d06a1e.jpg,output_v4\images\reviews\RV99\img_01.jpg | output_v4\images\reviews\RV99\img_02.jpg,True,,
RV100,PD02,Daraz,"Hoco | EQ34 Plus Rima | True Wireless Earbuds (TWS) | ANC + ENC | Bluetooth 5.4 | 7h Playback (6h with ANC) | 300mAh Case, 40mAh Buds | App Control & Multi-Device Switching | Lightweight 44.8g.",https://www.daraz.com.bd/products/hoco-eq34-plus-rima-true-wireless-earbuds-tws-anc-enc-bluetooth-54-7h-playback-6h-with-anc-300mah-case-40mah-buds-app-control-multi-device-switching-lightweight-448g-i1575608520-s12646710586.html,https://bd-live-21.slatic.net/kf/S0a82fa470aab484a8878102022a8ff19s.png,output_v4\images\products\PD02.png,5,"এই প্রাইজের মধ্যে ওয়ান অফ দা বেস্ট কেয়ার বার্ডস এটি, সাউন্ড কোয়ালিটি ভালো বাট বেস একটু বেশি, যারা বেশি বেস পছন্দ করে তাদের কাছে ভালো লাগবে, কল কোয়ালিটি ও অসাধারণ",,,True,,
RV101,PD02,Daraz,"Hoco | EQ34 Plus Rima | True Wireless Earbuds (TWS) | ANC + ENC | Bluetooth 5.4 | 7h Playback (6h with ANC) | 300mAh Case, 40mAh Buds | App Control & Multi-Device Switching | Lightweight 44.8g.",https://www.daraz.com.bd/products/hoco-eq34-plus-rima-true-wireless-earbuds-tws-anc-enc-bluetooth-54-7h-playback-6h-with-anc-300mah-case-40mah-buds-app-control-multi-device-switching-lightweight-448g-i1575608520-s12646710586.html,https://bd-live-21.slatic.net/kf/S0a82fa470aab484a8878102022a8ff19s.png,output_v4\images\products\PD02.png,5,মাত্র একদিনই ডেলিভারি পেয়ে গেছি এত ফার্স্ট ডেলিভারি পাব ভাবি নাই। আর প্রোডাক্টের কোয়ালিটি অনেক ভালো জাস্ট অসাম চোখ বুঝে সবাই নিতে পারেন কোন সমস্যা নাই আর চার্জের কোন চিন্তা করার দরকার নাই কারণ আমি এক সপ্তা ব্যবহার করে রিভিউ দিলাম। ধন্যবাদ দারাজ কে। ও আর একটা কথা এই প্রোডাক্টটা কিন্তু দারাজের নিজস্ব এজন্য ডেলিভারি টা খুব দ্রুত পাবেন।,,,True,,
RV102,PD02,Daraz,"Hoco | EQ34 Plus Rima | True Wireless Earbuds (TWS) | ANC + ENC | Bluetooth 5.4 | 7h Playback (6h with ANC) | 300mAh Case, 40mAh Buds | App Control & Multi-Device Switching | Lightweight 44.8g.",https://www.daraz.com.bd/products/hoco-eq34-plus-rima-true-wireless-earbuds-tws-anc-enc-bluetooth-54-7h-playback-6h-with-anc-300mah-case-40mah-buds-app-control-multi-device-switching-lightweight-448g-i1575608520-s12646710586.html,https://bd-live-21.slatic.net/kf/S0a82fa470aab484a8878102022a8ff19s.png,output_v4\images\products\PD02.png,4,সাউন্ড কোয়ালিটি ভালো। বিট ঠিক আছে।কথা বলার উপযোগী না।এ্যাপ কানেকশন হয় না।,,,True,,
RV103,PD02,Daraz,"Hoco | EQ34 Plus Rima | True Wireless Earbuds (TWS) | ANC + ENC | Bluetooth 5.4 | 7h Playback (6h with ANC) | 300mAh Case, 40mAh Buds | App Control & Multi-Device Switching | Lightweight 44.8g.",https://www.daraz.com.bd/products/hoco-eq34-plus-rima-true-wireless-earbuds-tws-anc-enc-bluetooth-54-7h-playback-6h-with-anc-300mah-case-40mah-buds-app-control-multi-device-switching-lightweight-448g-i1575608520-s12646710586.html,https://bd-live-21.slatic.net/kf/S0a82fa470aab484a8878102022a8ff19s.png,output_v4\images\products\PD02.png,5,ও সাদাকোন প্রোডাক্ট চোখ বন্ধ করে দিতে পারেন খুব ভালো সার্ভিস দেয়,,,True,,
RV104,PD02,Daraz,"Hoco | EQ34 Plus Rima | True Wireless Earbuds (TWS) | ANC + ENC | Bluetooth 5.4 | 7h Playback (6h with ANC) | 300mAh Case, 40mAh Buds | App Control & Multi-Device Switching | Lightweight 44.8g.",https://www.daraz.com.bd/products/hoco-eq34-plus-rima-true-wireless-earbuds-tws-anc-enc-bluetooth-54-7h-playback-6h-with-anc-300mah-case-40mah-buds-app-control-multi-device-switching-lightweight-448g-i1575608520-s12646710586.html,https://bd-live-21.slatic.net/kf/S0a82fa470aab484a8878102022a8ff19s.png,output_v4\images\products\PD02.png,5,প্যাকেজিং ভালো। Product ও ভালো। Recommended,,,True,,
RV105,PD02,Daraz,"Hoco | EQ34 Plus Rima | True Wireless Earbuds (TWS) | ANC + ENC | Bluetooth 5.4 | 7h Playback (6h with ANC) | 300mAh Case, 40mAh Buds | App Control & Multi-Device Switching | Lightweight 44.8g.",https://www.daraz.com.bd/products/hoco-eq34-plus-rima-true-wireless-earbuds-tws-anc-enc-bluetooth-54-7h-playback-6h-with-anc-300mah-case-40mah-buds-app-control-multi-device-switching-lightweight-448g-i1575608520-s12646710586.html,https://bd-live-21.slatic.net/kf/S0a82fa470aab484a8878102022a8ff19s.png,output_v4\images\products\PD02.png,5,"অরিজিনাল পন্য, সাউন্ড কোয়ালিটি অসাধারণ।",,,True,,
RV106,PD02,Daraz,"Hoco | EQ34 Plus Rima | True Wireless Earbuds (TWS) | ANC + ENC | Bluetooth 5.4 | 7h Playback (6h with ANC) | 300mAh Case, 40mAh Buds | App Control & Multi-Device Switching | Lightweight 44.8g.",https://www.daraz.com.bd/products/hoco-eq34-plus-rima-true-wireless-earbuds-tws-anc-enc-bluetooth-54-7h-playback-6h-with-anc-300mah-case-40mah-buds-app-control-multi-device-switching-lightweight-448g-i1575608520-s12646710586.html,https://bd-live-21.slatic.net/kf/S0a82fa470aab484a8878102022a8ff19s.png,output_v4\images\products\PD02.png,5,বেশকিছুদিন ব্যবহার করলাম ভালোই আছে❤️,,,True,,
RV107,PD02,Daraz,"Hoco | EQ34 Plus Rima | True Wireless Earbuds (TWS) | ANC + ENC | Bluetooth 5.4 | 7h Playback (6h with ANC) | 300mAh Case, 40mAh Buds | App Control & Multi-Device Switching | Lightweight 44.8g.",https://www.daraz.com.bd/products/hoco-eq34-plus-rima-true-wireless-earbuds-tws-anc-enc-bluetooth-54-7h-playback-6h-with-anc-300mah-case-40mah-buds-app-control-multi-device-switching-lightweight-448g-i1575608520-s12646710586.html,https://bd-live-21.slatic.net/kf/S0a82fa470aab484a8878102022a8ff19s.png,output_v4\images\products\PD02.png,5,মোটামুটি ইউজ করে ভালোই মনে হচ্ছে,,,True,,
RV108,PD02,Daraz,"Hoco | EQ34 Plus Rima | True Wireless Earbuds (TWS) | ANC + ENC | Bluetooth 5.4 | 7h Playback (6h with ANC) | 300mAh Case, 40mAh Buds | App Control & Multi-Device Switching | Lightweight 44.8g.",https://www.daraz.com.bd/products/hoco-eq34-plus-rima-true-wireless-earbuds-tws-anc-enc-bluetooth-54-7h-playback-6h-with-anc-300mah-case-40mah-buds-app-control-multi-device-switching-lightweight-448g-i1575608520-s12646710586.html,https://bd-live-21.slatic.net/kf/S0a82fa470aab484a8878102022a8ff19s.png,output_v4\images\products\PD02.png,4,App support ঠিকমত কাজ করে না✌️,,,True,,
RV109,PD02,Daraz,"Hoco | EQ34 Plus Rima | True Wireless Earbuds (TWS) | ANC + ENC | Bluetooth 5.4 | 7h Playback (6h with ANC) | 300mAh Case, 40mAh Buds | App Control & Multi-Device Switching | Lightweight 44.8g.",https://www.daraz.com.bd/products/hoco-eq34-plus-rima-true-wireless-earbuds-tws-anc-enc-bluetooth-54-7h-playback-6h-with-anc-300mah-case-40mah-buds-app-control-multi-device-switching-lightweight-448g-i1575608520-s12646710586.html,https://bd-live-21.slatic.net/kf/S0a82fa470aab484a8878102022a8ff19s.png,output_v4\images\products\PD02.png,5,অনেক সুন্দর আর জোস একটা হেডফন,,,True,,
RV110,PD02,Daraz,"Hoco | EQ34 Plus Rima | True Wireless Earbuds (TWS) | ANC + ENC | Bluetooth 5.4 | 7h Playback (6h with ANC) | 300mAh Case, 40mAh Buds | App Control & Multi-Device Switching | Lightweight 44.8g.",https://www.daraz.com.bd/products/hoco-eq34-plus-rima-true-wireless-earbuds-tws-anc-enc-bluetooth-54-7h-playback-6h-with-anc-300mah-case-40mah-buds-app-control-multi-device-switching-lightweight-448g-i1575608520-s12646710586.html,https://bd-live-21.slatic.net/kf/S0a82fa470aab484a8878102022a8ff19s.png,output_v4\images\products\PD02.png,5,চার্জে দিলে গরম হয়ে যায়,,,True,,
RV111,PD02,Daraz,"Hoco | EQ34 Plus Rima | True Wireless Earbuds (TWS) | ANC + ENC | Bluetooth 5.4 | 7h Playback (6h with ANC) | 300mAh Case, 40mAh Buds | App Control & Multi-Device Switching | Lightweight 44.8g.",https://www.daraz.com.bd/products/hoco-eq34-plus-rima-true-wireless-earbuds-tws-anc-enc-bluetooth-54-7h-playback-6h-with-anc-300mah-case-40mah-buds-app-control-multi-device-switching-lightweight-448g-i1575608520-s12646710586.html,https://bd-live-21.slatic.net/kf/S0a82fa470aab484a8878102022a8ff19s.png,output_v4\images\products\PD02.png,4,দাম অনুযায়ী ঠিকঠাক,,,True,,
RV112,PD02,Daraz,"Hoco | EQ34 Plus Rima | True Wireless Earbuds (TWS) | ANC + ENC | Bluetooth 5.4 | 7h Playback (6h with ANC) | 300mAh Case, 40mAh Buds | App Control & Multi-Device Switching | Lightweight 44.8g.",https://www.daraz.com.bd/products/hoco-eq34-plus-rima-true-wireless-earbuds-tws-anc-enc-bluetooth-54-7h-playback-6h-with-anc-300mah-case-40mah-buds-app-control-multi-device-switching-lightweight-448g-i1575608520-s12646710586.html,https://bd-live-21.slatic.net/kf/S0a82fa470aab484a8878102022a8ff19s.png,output_v4\images\products\PD02.png,5,ভালো প্রোডাক্ট,,,True,,
RV113,PD02,Daraz,"Hoco | EQ34 Plus Rima | True Wireless Earbuds (TWS) | ANC + ENC | Bluetooth 5.4 | 7h Playback (6h with ANC) | 300mAh Case, 40mAh Buds | App Control & Multi-Device Switching | Lightweight 44.8g.",https://www.daraz.com.bd/products/hoco-eq34-plus-rima-true-wireless-earbuds-tws-anc-enc-bluetooth-54-7h-playback-6h-with-anc-300mah-case-40mah-buds-app-control-multi-device-switching-lightweight-448g-i1575608520-s12646710586.html,https://bd-live-21.slatic.net/kf/S0a82fa470aab484a8878102022a8ff19s.png,output_v4\images\products\PD02.png,5,ভালো লেগেছে...।,,,True,,
RV114,PD02,Daraz,"Hoco | EQ34 Plus Rima | True Wireless Earbuds (TWS) | ANC + ENC | Bluetooth 5.4 | 7h Playback (6h with ANC) | 300mAh Case, 40mAh Buds | App Control & Multi-Device Switching | Lightweight 44.8g.",https://www.daraz.com.bd/products/hoco-eq34-plus-rima-true-wireless-earbuds-tws-anc-enc-bluetooth-54-7h-playback-6h-with-anc-300mah-case-40mah-buds-app-control-multi-device-switching-lightweight-448g-i1575608520-s12646710586.html,https://bd-live-21.slatic.net/kf/S0a82fa470aab484a8878102022a8ff19s.png,output_v4\images\products\PD02.png,5,অনেক ভালো,,,True,,
RV115,PD02,Daraz,"Hoco | EQ34 Plus Rima | True Wireless Earbuds (TWS) | ANC + ENC | Bluetooth 5.4 | 7h Playback (6h with ANC) | 300mAh Case, 40mAh Buds | App Control & Multi-Device Switching | Lightweight 44.8g.",https://www.daraz.com.bd/products/hoco-eq34-plus-rima-true-wireless-earbuds-tws-anc-enc-bluetooth-54-7h-playback-6h-with-anc-300mah-case-40mah-buds-app-control-multi-device-switching-lightweight-448g-i1575608520-s12646710586.html,https://bd-live-21.slatic.net/kf/S0a82fa470aab484a8878102022a8ff19s.png,output_v4\images\products\PD02.png,5,অনেক ভালো,,,True,,
RV116,PD02,Daraz,"Hoco | EQ34 Plus Rima | True Wireless Earbuds (TWS) | ANC + ENC | Bluetooth 5.4 | 7h Playback (6h with ANC) | 300mAh Case, 40mAh Buds | App Control & Multi-Device Switching | Lightweight 44.8g.",https://www.daraz.com.bd/products/hoco-eq34-plus-rima-true-wireless-earbuds-tws-anc-enc-bluetooth-54-7h-playback-6h-with-anc-300mah-case-40mah-buds-app-control-multi-device-switching-lightweight-448g-i1575608520-s12646710586.html,https://bd-live-21.slatic.net/kf/S0a82fa470aab484a8878102022a8ff19s.png,output_v4\images\products\PD02.png,5,অসাধারণ।,,,True,,
RV117,PD02,Daraz,"Hoco | EQ34 Plus Rima | True Wireless Earbuds (TWS) | ANC + ENC | Bluetooth 5.4 | 7h Playback (6h with ANC) | 300mAh Case, 40mAh Buds | App Control & Multi-Device Switching | Lightweight 44.8g.",https://www.daraz.com.bd/products/hoco-eq34-plus-rima-true-wireless-earbuds-tws-anc-enc-bluetooth-54-7h-playback-6h-with-anc-300mah-case-40mah-buds-app-control-multi-device-switching-lightweight-448g-i1575608520-s12646710586.html,https://bd-live-21.slatic.net/kf/S0a82fa470aab484a8878102022a8ff19s.png,output_v4\images\products\PD02.png,5,ভালোই আছে,,,True,,
RV118,PD02,Daraz,"Hoco | EQ34 Plus Rima | True Wireless Earbuds (TWS) | ANC + ENC | Bluetooth 5.4 | 7h Playback (6h with ANC) | 300mAh Case, 40mAh Buds | App Control & Multi-Device Switching | Lightweight 44.8g.",https://www.daraz.com.bd/products/hoco-eq34-plus-rima-true-wireless-earbuds-tws-anc-enc-bluetooth-54-7h-playback-6h-with-anc-300mah-case-40mah-buds-app-control-multi-device-switching-lightweight-448g-i1575608520-s12646710586.html,https://bd-live-21.slatic.net/kf/S0a82fa470aab484a8878102022a8ff19s.png,output_v4\images\products\PD02.png,5,অসাধারণ,,,True,,
RV119,PD02,Daraz,"Hoco | EQ34 Plus Rima | True Wireless Earbuds (TWS) | ANC + ENC | Bluetooth 5.4 | 7h Playback (6h with ANC) | 300mAh Case, 40mAh Buds | App Control & Multi-Device Switching | Lightweight 44.8g.",https://www.daraz.com.bd/products/hoco-eq34-plus-rima-true-wireless-earbuds-tws-anc-enc-bluetooth-54-7h-playback-6h-with-anc-300mah-case-40mah-buds-app-control-multi-device-switching-lightweight-448g-i1575608520-s12646710586.html,https://bd-live-21.slatic.net/kf/S0a82fa470aab484a8878102022a8ff19s.png,output_v4\images\products\PD02.png,5,ভালো,,,True,,
RV120,PD02,Daraz,"Hoco | EQ34 Plus Rima | True Wireless Earbuds (TWS) | ANC + ENC | Bluetooth 5.4 | 7h Playback (6h with ANC) | 300mAh Case, 40mAh Buds | App Control & Multi-Device Switching | Lightweight 44.8g.",https://www.daraz.com.bd/products/hoco-eq34-plus-rima-true-wireless-earbuds-tws-anc-enc-bluetooth-54-7h-playback-6h-with-anc-300mah-case-40mah-buds-app-control-multi-device-switching-lightweight-448g-i1575608520-s12646710586.html,https://bd-live-21.slatic.net/kf/S0a82fa470aab484a8878102022a8ff19s.png,output_v4\images\products\PD02.png,5,ভালো,,,True,,
RV121,PD02,Daraz,"Hoco | EQ34 Plus Rima | True Wireless Earbuds (TWS) | ANC + ENC | Bluetooth 5.4 | 7h Playback (6h with ANC) | 300mAh Case, 40mAh Buds | App Control & Multi-Device Switching | Lightweight 44.8g.",https://www.daraz.com.bd/products/hoco-eq34-plus-rima-true-wireless-earbuds-tws-anc-enc-bluetooth-54-7h-playback-6h-with-anc-300mah-case-40mah-buds-app-control-multi-device-switching-lightweight-448g-i1575608520-s12646710586.html,https://bd-live-21.slatic.net/kf/S0a82fa470aab484a8878102022a8ff19s.png,output_v4\images\products\PD02.png,5,ভালো,,,True,,
RV122,PD02,Daraz,"Hoco | EQ34 Plus Rima | True Wireless Earbuds (TWS) | ANC + ENC | Bluetooth 5.4 | 7h Playback (6h with ANC) | 300mAh Case, 40mAh Buds | App Control & Multi-Device Switching | Lightweight 44.8g.",https://www.daraz.com.bd/products/hoco-eq34-plus-rima-true-wireless-earbuds-tws-anc-enc-bluetooth-54-7h-playback-6h-with-anc-300mah-case-40mah-buds-app-control-multi-device-switching-lightweight-448g-i1575608520-s12646710586.html,https://bd-live-21.slatic.net/kf/S0a82fa470aab484a8878102022a8ff19s.png,output_v4\images\products\PD02.png,3,"এটা মনে অরজিনাল নয়, অ্যাপসের সাথে কানেক্টেড হয় না।",,,True,,
RV123,PD02,Daraz,"Hoco | EQ34 Plus Rima | True Wireless Earbuds (TWS) | ANC + ENC | Bluetooth 5.4 | 7h Playback (6h with ANC) | 300mAh Case, 40mAh Buds | App Control & Multi-Device Switching | Lightweight 44.8g.",https://www.daraz.com.bd/products/hoco-eq34-plus-rima-true-wireless-earbuds-tws-anc-enc-bluetooth-54-7h-playback-6h-with-anc-300mah-case-40mah-buds-app-control-multi-device-switching-lightweight-448g-i1575608520-s12646710586.html,https://bd-live-21.slatic.net/kf/S0a82fa470aab484a8878102022a8ff19s.png,output_v4\images\products\PD02.png,1,এমনিতে ব্যাটারি ব্যাকআপ ভালোই আছে কিন্তু এই আলোটা সব সময় জ্বলে থাকে এত বড় আলোক দেওয়ার কোন দরকারই নাই অর্ধেক চার্জ এটাতেই শেষ হয়ে যায় খুবই খারাপ লাগলো,,,True,,
RV124,PD02,Daraz,"Hoco | EQ34 Plus Rima | True Wireless Earbuds (TWS) | ANC + ENC | Bluetooth 5.4 | 7h Playback (6h with ANC) | 300mAh Case, 40mAh Buds | App Control & Multi-Device Switching | Lightweight 44.8g.",https://www.daraz.com.bd/products/hoco-eq34-plus-rima-true-wireless-earbuds-tws-anc-enc-bluetooth-54-7h-playback-6h-with-anc-300mah-case-40mah-buds-app-control-multi-device-switching-lightweight-448g-i1575608520-s12646710586.html,https://bd-live-21.slatic.net/kf/S0a82fa470aab484a8878102022a8ff19s.png,output_v4\images\products\PD02.png,2,"প্রচুর নয়েজ , দাম ২৫০/- হলে ঠিক ছিলো..... বাজে",,,True,,
RV125,PD03,Daraz,"Hoco | EQ34 Plus Rima | True Wireless Earbuds (TWS) | ANC + ENC | Bluetooth 5.4 | 7h Playback (6h with ANC) | 300mAh Case, 40mAh Buds | App Control & Multi-Device Switching | Lightweight 44.8g.",https://www.daraz.com.bd/products/hoco-eq34-plus-rima-true-wireless-earbuds-tws-anc-enc-bluetooth-54-7h-playback-6h-with-anc-300mah-case-40mah-buds-app-control-multi-device-switching-lightweight-448g-i1587658117-s12694746434.html,https://bd-live-21.slatic.net/kf/Sae720cb6adc243fb8efea53b0165e44fH.jpg,output_v4\images\products\PD03.jpg,5,"আমি সবাইকে এটা নেওয়ার জন্য অনুমোদন করতে পারি,, কারণ আমার দেখা এটি HOCO কোম্পানির সুন্দর এবং অল্প দামে ভালো একটি ইয়ার বার্ড, এ এনসি এবং ই এনসি দুটি সুন্দর ভাবে কাজ করে তাই আমার মনে হয় যে আপনারা চাইলে এটি কিনে নিতে পারেন টাকা নষ্ট হবে না ,,, ইনশাল্লাহ",https://lzd-u.slatic.net/cd8248ccad4047c5af28990de71cdebf_432f386dd6c5417793103c5cbf8f6b81.jpg | https://lzd-u.slatic.net/cd8248ccad4047c5af28990de71cdebf_04d5baff0bbf4912bbb55c2c1381f505.jpg | https://lzd-u.slatic.net/cd8248ccad4047c5af28990de71cdebf_418e7270b39f4590b26b554f2c04ea7d.jpg,output_v4\images\reviews\RV125\img_01.jpg | output_v4\images\reviews\RV125\img_02.jpg | output_v4\images\reviews\RV125\img_03.jpg,True,,
RV126,PD03,Daraz,"Hoco | EQ34 Plus Rima | True Wireless Earbuds (TWS) | ANC + ENC | Bluetooth 5.4 | 7h Playback (6h with ANC) | 300mAh Case, 40mAh Buds | App Control & Multi-Device Switching | Lightweight 44.8g.",https://www.daraz.com.bd/products/hoco-eq34-plus-rima-true-wireless-earbuds-tws-anc-enc-bluetooth-54-7h-playback-6h-with-anc-300mah-case-40mah-buds-app-control-multi-device-switching-lightweight-448g-i1587658117-s12694746434.html,https://bd-live-21.slatic.net/kf/Sae720cb6adc243fb8efea53b0165e44fH.jpg,output_v4\images\products\PD03.jpg,5,এটা ১০০% অরজিনাল প্রোডাক্ট। ভাই অসাধারণ একটি প্রোডাক্ট নিতে পারেন। ২ দিনের ভিতরে ডেলিভারি পেয়ে গেছি। সাউন্ড কোয়ালিটি অসাধারণ। অসাধারণ প্রাইস টাও অসাধারণ। নিতে পারেন পুরো মারাত্মক একটি airport ভাই না নিলে মিস করবেন। পুরো মাখন একটি ডেলিভারি বইয়ের আচরণ অনেক ভালো ছিল।,https://lzd-u.slatic.net/f13c101f48dc40b481079d80ac83b92b_0f9e6ea51b0f4a3b8b85cc44fd7abafb.jpg | https://lzd-u.slatic.net/622466e0abda467899d08b1686f797fb_ba8a32c2620e47dea8387d0acec8392e.jpg | https://lzd-u.slatic.net/622466e0abda467899d08b1686f797fb_4fb43fe28d5c4d72a6a1d0f3354c30c2.jpg | https://lzd-u.slatic.net/622466e0abda467899d08b1686f797fb_e65bfeafa8ea4fb9ab7509af5f7a82c0.jpg | https://lzd-u.slatic.net/622466e0abda467899d08b1686f797fb_f360fe56eef54211984d763d2e310b27.jpg,output_v4\images\reviews\RV126\img_01.jpg | output_v4\images\reviews\RV126\img_02.jpg | output_v4\images\reviews\RV126\img_03.jpg | output_v4\images\reviews\RV126\img_04.jpg | output_v4\images\reviews\RV126\img_05.jpg,True,,
RV127,PD03,Daraz,"Hoco | EQ34 Plus Rima | True Wireless Earbuds (TWS) | ANC + ENC | Bluetooth 5.4 | 7h Playback (6h with ANC) | 300mAh Case, 40mAh Buds | App Control & Multi-Device Switching | Lightweight 44.8g.",https://www.daraz.com.bd/products/hoco-eq34-plus-rima-true-wireless-earbuds-tws-anc-enc-bluetooth-54-7h-playback-6h-with-anc-300mah-case-40mah-buds-app-control-multi-device-switching-lightweight-448g-i1587658117-s12694746434.html,https://bd-live-21.slatic.net/kf/Sae720cb6adc243fb8efea53b0165e44fH.jpg,output_v4\images\products\PD03.jpg,5,অস্থির একটি প্রোডাক্ট। সাউন্ড কোয়ালিটি অসাধারণ। ডিসক্রিপশনে যেরকম বলছে ঠিক সেটাই পাইছি। কথা বলার জন্য বেস্ট একটি এয়ারপোর্ট। এটা সাউন্ড কোয়ালিটি নিয়ে বলার কিছু নাই সেই। app সাপোর্টের কারণে আরো অনেক সুবিধা রয়েছে। সেলারের ব্যবহার খুবই ভালো ছিল। সবকিছু মিলিয়ে খুব ভালো একটা প্রোডাক্ট যে কেউ চাইলে নিতে পারেন। ❤️,https://lzd-u.slatic.net/bd4373119e56445a81d1be7881a03e8d_e28feda65bcb4a1c908f680bdfc5518f.jpg | https://lzd-u.slatic.net/bd4373119e56445a81d1be7881a03e8d_27011b96c8284b5cb4f289dc03ce796a.jpg | https://lzd-u.slatic.net/bd4373119e56445a81d1be7881a03e8d_446dffcd81214ffd88bea702a3853065.jpg | https://lzd-u.slatic.net/bd4373119e56445a81d1be7881a03e8d_e1620bc35f964d739124caefa65a0063.jpg | https://lzd-u.slatic.net/bd4373119e56445a81d1be7881a03e8d_7896ec039ed0408cbbf017b72b526a43.jpg,output_v4\images\reviews\RV127\img_01.jpg | output_v4\images\reviews\RV127\img_02.jpg | output_v4\images\reviews\RV127\img_03.jpg | output_v4\images\reviews\RV127\img_04.jpg | output_v4\images\reviews\RV127\img_05.jpg,True,,
RV128,PD03,Daraz,"Hoco | EQ34 Plus Rima | True Wireless Earbuds (TWS) | ANC + ENC | Bluetooth 5.4 | 7h Playback (6h with ANC) | 300mAh Case, 40mAh Buds | App Control & Multi-Device Switching | Lightweight 44.8g.",https://www.daraz.com.bd/products/hoco-eq34-plus-rima-true-wireless-earbuds-tws-anc-enc-bluetooth-54-7h-playback-6h-with-anc-300mah-case-40mah-buds-app-control-multi-device-switching-lightweight-448g-i1587658117-s12694746434.html,https://bd-live-21.slatic.net/kf/Sae720cb6adc243fb8efea53b0165e44fH.jpg,output_v4\images\products\PD03.jpg,5,প্রোডাক্ট কোয়ালিটি অনেক ভালো লেগেছে। সাউন্ড কোয়ালিটি এই বাজেটে আমার কাছে ভালো লেগেছে। ৫০% চার্জ দিয়ে ফুল ভলিউম এ ৫ ঘন্টা ব্যাকআপ পেয়েছি আশা করি ৮+ প্লাস ব্যাকআপ পাব।,https://lzd-u.slatic.net/0f3e7d2c32404aa899c904c25c9fdabe_006f12fe76fb45098d203a7624fe7423.jpg,output_v4\images\reviews\RV128\img_01.jpg,True,,
RV129,PD03,Daraz,"Hoco | EQ34 Plus Rima | True Wireless Earbuds (TWS) | ANC + ENC | Bluetooth 5.4 | 7h Playback (6h with ANC) | 300mAh Case, 40mAh Buds | App Control & Multi-Device Switching | Lightweight 44.8g.",https://www.daraz.com.bd/products/hoco-eq34-plus-rima-true-wireless-earbuds-tws-anc-enc-bluetooth-54-7h-playback-6h-with-anc-300mah-case-40mah-buds-app-control-multi-device-switching-lightweight-448g-i1587658117-s12694746434.html,https://bd-live-21.slatic.net/kf/Sae720cb6adc243fb8efea53b0165e44fH.jpg,output_v4\images\products\PD03.jpg,5,এটা হাতে পাওয়ার এক সপ্তাহ পর রিভিউ দিলাম প্রডাক্ট 100তে 100👍👌 এই বাজেটে এর চেয়ে ভালো প্রডাক্ট দ্বিতীয় আর নাই সেলার রেসপন্স খুব ভালো👍 শুধু শিপিং টাইম টা অনেক বেশি ছিল তাছাড়া সব কিছু ঠিকঠাক যে কেউ এই শপ থেকে প্রডাক্ট নিতে পারেন নির্দ্বিধায়,https://lzd-u.slatic.net/9327bf3789ce4e1e97f534c3a1c80eeb_a8b8cee2ab2b4a9a9942ae18b5e43f93.jpg,output_v4\images\reviews\RV129\img_01.jpg,True,,
RV130,PD03,Daraz,"Hoco | EQ34 Plus Rima | True Wireless Earbuds (TWS) | ANC + ENC | Bluetooth 5.4 | 7h Playback (6h with ANC) | 300mAh Case, 40mAh Buds | App Control & Multi-Device Switching | Lightweight 44.8g.",https://www.daraz.com.bd/products/hoco-eq34-plus-rima-true-wireless-earbuds-tws-anc-enc-bluetooth-54-7h-playback-6h-with-anc-300mah-case-40mah-buds-app-control-multi-device-switching-lightweight-448g-i1587658117-s12694746434.html,https://bd-live-21.slatic.net/kf/Sae720cb6adc243fb8efea53b0165e44fH.jpg,output_v4\images\products\PD03.jpg,5,দাম বিবেচনা করলে অনেক ভালো সাউন্ড কোয়ালিটি দেখে মনে হয় না এত কম দামের প্রোডাক্ট এর সাউন্ড গুনে তো আমি পাগল হয়ে গেছি অনেক প্রিমিয়াম কোয়ালিটি যারা নিতে চান তারা নিঃসন্দেহে নিতে পারেন.,https://lzd-u.slatic.net/59ca337bbafd449781b6a97bc084a41d_2caeab9f659748a486b09e9263b9f81e.jpg | https://lzd-u.slatic.net/59ca337bbafd449781b6a97bc084a41d_f72941f40c464f7a9c2ad0c8b9b0cc32.jpg | https://lzd-u.slatic.net/59ca337bbafd449781b6a97bc084a41d_83f9bb6fa3564625b87e1b3912c565fc.jpg | https://lzd-u.slatic.net/59ca337bbafd449781b6a97bc084a41d_9d1c12ef2625429fb52eb7e8cd16fe87.jpg | https://lzd-u.slatic.net/59ca337bbafd449781b6a97bc084a41d_7217ac6502764a84b41f12e1c0477b0e.jpg | https://lzd-u.slatic.net/59ca337bbafd449781b6a97bc084a41d_d33eaa0bf39c48659996e5ec593cb52e.jpg,output_v4\images\reviews\RV130\img_01.jpg | output_v4\images\reviews\RV130\img_02.jpg | output_v4\images\reviews\RV130\img_03.jpg | output_v4\images\reviews\RV130\img_04.jpg | output_v4\images\reviews\RV130\img_05.jpg | output_v4\images\reviews\RV130\img_06.jpg,True,,
RV131,PD03,Daraz,"Hoco | EQ34 Plus Rima | True Wireless Earbuds (TWS) | ANC + ENC | Bluetooth 5.4 | 7h Playback (6h with ANC) | 300mAh Case, 40mAh Buds | App Control & Multi-Device Switching | Lightweight 44.8g.",https://www.daraz.com.bd/products/hoco-eq34-plus-rima-true-wireless-earbuds-tws-anc-enc-bluetooth-54-7h-playback-6h-with-anc-300mah-case-40mah-buds-app-control-multi-device-switching-lightweight-448g-i1587658117-s12694746434.html,https://bd-live-21.slatic.net/kf/Sae720cb6adc243fb8efea53b0165e44fH.jpg,output_v4\images\products\PD03.jpg,5,দূর পর্যন্ত কানেকশন যায় না,,,True,,
RV132,PD04,Daraz,"Xiaomi Type C 6A 33W Fast Charging Cable 1M, USB A to USB C, TPE Material, PD, QC Compatible",https://www.daraz.com.bd/products/xiaomi-type-c-6a-33w-fast-charging-cable-1m-usb-a-to-usb-c-tpe-material-pd-qc-compatible-i570824728-s2624386018.html,https://bd-live-21.slatic.net/kf/S3ee96571f8bc47a99c008e17298bc36fR.jpg,output_v4\images\products\PD04.jpg,5,কথাটা যে কোন কিছুতে লাগল অনেক টাইট বাট এমনি ভালো অরিজিনাল না হল কোয়ালিটি ভালো বাট প্যাকেজিং অনেক বাজে ছিল,https://lzd-u.slatic.net/044106fa284248beba36d92b618d8494_3d5a51e049ba45e497635e134b7cc0b2.jpg,output_v4\images\reviews\RV132\img_01.jpg,True,,
RV133,PD04,Daraz,"Xiaomi Type C 6A 33W Fast Charging Cable 1M, USB A to USB C, TPE Material, PD, QC Compatible",https://www.daraz.com.bd/products/xiaomi-type-c-6a-33w-fast-charging-cable-1m-usb-a-to-usb-c-tpe-material-pd-qc-compatible-i570824728-s2624386018.html,https://bd-live-21.slatic.net/kf/S3ee96571f8bc47a99c008e17298bc36fR.jpg,output_v4\images\products\PD04.jpg,5,"Mi Turbo charging দেখালেই এটা ২০০০-২৩০০ এম্পায়ারের বেশি যায় না। আর অরিজিনাল ফাস্ট চার্জিং ক্যাবলে Mi Turbo লেখা থাকেনা, MT Turbo লেখা থাকে। বলে রাখা ভালো আমার এডপ্টার টি একদম অরিজিনাল।",https://lzd-u.slatic.net/42c7c619f4ff4be1898d746d30e5a714_2ff8dc4ba767464a8c9b528bc27e9fa4.jpg,output_v4\images\reviews\RV133\img_01.jpg,True,,
RV134,PD04,Daraz,"Xiaomi Type C 6A 33W Fast Charging Cable 1M, USB A to USB C, TPE Material, PD, QC Compatible",https://www.daraz.com.bd/products/xiaomi-type-c-6a-33w-fast-charging-cable-1m-usb-a-to-usb-c-tpe-material-pd-qc-compatible-i570824728-s2624386018.html,https://bd-live-21.slatic.net/kf/S3ee96571f8bc47a99c008e17298bc36fR.jpg,output_v4\images\products\PD04.jpg,5,"আমার পাওয়ার ব্যাংক ২২w fast charging, নেই এখন আমার চার্জ দশ ওয়ার্ড থেকে ১১ ওয়ার্ড পর্যন্ত সাপোর্ট করে। আমার মতে এটা ভালো। শক্ত ভক্ত আছে। আপনারা চাইলে নিতে পারেন এটা দিয়ে ফাস্ট চার্জিং সাপোর্ট করে আমার ফ্যান ১৫ ওয়াট সাপোর্ট করে। আর বিস্তারিত কিছু জানতে চাইলে আমার আমার সাথে যোগাযোগ করতে পারেন ০১৬০৬৯১৮১৯৭ whatsapp",https://lzd-u.slatic.net/8987ddf048ec483dae08b4970b56931f_2bbb652b0dd949ab8f19c6d06598129d.jpg | https://lzd-u.slatic.net/016d065eeb984a11bfa347cd96dace25_50fce4d2feb84c9f9d5f0d1669178bdf.jpg | https://lzd-u.slatic.net/8987ddf048ec483dae08b4970b56931f_6ff677198c364d72a1511622bf2e0afe.jpg | https://lzd-u.slatic.net/8987ddf048ec483dae08b4970b56931f_a0b60a3c6f784522b83b9b79caa610e8.jpg | https://lzd-u.slatic.net/8987ddf048ec483dae08b4970b56931f_67c665e18fba4a02b15ccd987cf87859.jpg | https://lzd-u.slatic.net/8987ddf048ec483dae08b4970b56931f_665693e173b94bfa95e137075fd267be.jpg,output_v4\images\reviews\RV134\img_01.jpg | output_v4\images\reviews\RV134\img_02.jpg | output_v4\images\reviews\RV134\img_03.jpg | output_v4\images\reviews\RV134\img_04.jpg | output_v4\images\reviews\RV134\img_05.jpg | output_v4\images\reviews\RV134\img_06.jpg,True,,
RV135,PD04,Daraz,"Xiaomi Type C 6A 33W Fast Charging Cable 1M, USB A to USB C, TPE Material, PD, QC Compatible",https://www.daraz.com.bd/products/xiaomi-type-c-6a-33w-fast-charging-cable-1m-usb-a-to-usb-c-tpe-material-pd-qc-compatible-i570824728-s2624386018.html,https://bd-live-21.slatic.net/kf/S3ee96571f8bc47a99c008e17298bc36fR.jpg,output_v4\images\products\PD04.jpg,5,সেলারকে একটা বড়সড় ধন্যবাদ দিতে চাই। এতো কম দামে আমার এত বড় একটা সমস্যার সমাধান করে দেয়ার জন্য। মাত্র ৯০ টাকায়। কিভাবে যে ধন্যবাদ দিবো ভাই। ডেলিভারি ভেরি ফাস্ট,https://lzd-u.slatic.net/834ba325b6844c50a172018eb84bf503_e559bf5d86b3477a9e73019e010375e7.jpg,output_v4\images\reviews\RV135\img_01.jpg,True,,
RV136,PD04,Daraz,"Xiaomi Type C 6A 33W Fast Charging Cable 1M, USB A to USB C, TPE Material, PD, QC Compatible",https://www.daraz.com.bd/products/xiaomi-type-c-6a-33w-fast-charging-cable-1m-usb-a-to-usb-c-tpe-material-pd-qc-compatible-i570824728-s2624386018.html,https://bd-live-21.slatic.net/kf/S3ee96571f8bc47a99c008e17298bc36fR.jpg,output_v4\images\products\PD04.jpg,5,"খুবই বাজে একটা প্রোডাক্ট, Turbo চার্জিং শো করে না কেউ নিয়েন না একদম বাজে,আমাকে বলছে যে টার্বো চার্জিং হবে বাট টাকাটা ফালানো একদম খারাপ",https://lzd-u.slatic.net/82f9d35df5064eccad6ad993abef8029_8075b49cb16748839481521b773c7c7d.jpg,output_v4\images\reviews\RV136\img_01.jpg,True,,
RV137,PD04,Daraz,"Xiaomi Type C 6A 33W Fast Charging Cable 1M, USB A to USB C, TPE Material, PD, QC Compatible",https://www.daraz.com.bd/products/xiaomi-type-c-6a-33w-fast-charging-cable-1m-usb-a-to-usb-c-tpe-material-pd-qc-compatible-i570824728-s2624386018.html,https://bd-live-21.slatic.net/kf/S3ee96571f8bc47a99c008e17298bc36fR.jpg,output_v4\images\products\PD04.jpg,5,এখনো ভালো করে চার্জে লাগায় দেখি নাই। তবে একবার লাগাইছিলাম এক মিনিটে এক পাশের চার্জ হয়েছে। তাতে মনে হল ভালই হবে। ফাস্ট চার্জিং কেবল মেবি,https://lzd-u.slatic.net/d4130d3d40dd4e698e47022dc912d5a0_1ab6fe0cfcb749f39123d8147e4bcca3.jpg | https://lzd-u.slatic.net/d4130d3d40dd4e698e47022dc912d5a0_e669fa17318c4db08c3daa92f69f3944.jpg | https://lzd-u.slatic.net/d4130d3d40dd4e698e47022dc912d5a0_c8676bd1483b4bc69931f2cce02d7079.jpg | https://lzd-u.slatic.net/d4130d3d40dd4e698e47022dc912d5a0_88761480511346168ac29394ecb5b18d.jpg,output_v4\images\reviews\RV137\img_01.jpg | output_v4\images\reviews\RV137\img_02.jpg | output_v4\images\reviews\RV137\img_03.jpg | output_v4\images\reviews\RV137\img_04.jpg,True,,
RV138,PD04,Daraz,"Xiaomi Type C 6A 33W Fast Charging Cable 1M, USB A to USB C, TPE Material, PD, QC Compatible",https://www.daraz.com.bd/products/xiaomi-type-c-6a-33w-fast-charging-cable-1m-usb-a-to-usb-c-tpe-material-pd-qc-compatible-i570824728-s2624386018.html,https://bd-live-21.slatic.net/kf/S3ee96571f8bc47a99c008e17298bc36fR.jpg,output_v4\images\products\PD04.jpg,5,চার্জার টা অনেক ভালো। এমআই টারবো চার্জার সাপোর্ট করে । দাম হিসেবে অনেক ভালো। ধন্যবাদ সেলারকে।,https://lzd-u.slatic.net/32a11727a9f144c790c92e453565ec09_e4a2944654d148dbaa8cd955b34d41bc.jpg,output_v4\images\reviews\RV138\img_01.jpg,True,,
RV139,PD04,Daraz,"Xiaomi Type C 6A 33W Fast Charging Cable 1M, USB A to USB C, TPE Material, PD, QC Compatible",https://www.daraz.com.bd/products/xiaomi-type-c-6a-33w-fast-charging-cable-1m-usb-a-to-usb-c-tpe-material-pd-qc-compatible-i570824728-s2624386018.html,https://bd-live-21.slatic.net/kf/S3ee96571f8bc47a99c008e17298bc36fR.jpg,output_v4\images\products\PD04.jpg,5,সবাই বলছে ভালো কিন্তু আমার কাছে একটু খারাপ লাগছে এটা ফোনে লাগানোর সময় অনেক টাইট মোনে হয় 😐,https://lzd-u.slatic.net/174b6fc3f8724dafb8a50ce4ecebdad0_0891dfe6e10a48dc81da544c99baea44.jpg,output_v4\images\reviews\RV139\img_01.jpg,True,,
RV140,PD04,Daraz,"Xiaomi Type C 6A 33W Fast Charging Cable 1M, USB A to USB C, TPE Material, PD, QC Compatible",https://www.daraz.com.bd/products/xiaomi-type-c-6a-33w-fast-charging-cable-1m-usb-a-to-usb-c-tpe-material-pd-qc-compatible-i570824728-s2624386018.html,https://bd-live-21.slatic.net/kf/S3ee96571f8bc47a99c008e17298bc36fR.jpg,output_v4\images\products\PD04.jpg,5,আরেকজনে মেরে দিছে অনেক পছন্দ হইছে তার এটা আমারটা আমি যেটা কিনছি নতুন ওটা সেই নিয়ে গেছে,https://lzd-u.slatic.net/f085b4fdee534e698b8aa1f094023cde_687ea5d3f04d473eb6254030cdc250cb.jpg,output_v4\images\reviews\RV140\img_01.jpg,True,,
RV141,PD04,Daraz,"Xiaomi Type C 6A 33W Fast Charging Cable 1M, USB A to USB C, TPE Material, PD, QC Compatible",https://www.daraz.com.bd/products/xiaomi-type-c-6a-33w-fast-charging-cable-1m-usb-a-to-usb-c-tpe-material-pd-qc-compatible-i570824728-s2624386018.html,https://bd-live-21.slatic.net/kf/S3ee96571f8bc47a99c008e17298bc36fR.jpg,output_v4\images\products\PD04.jpg,5,🔴ফেক প্রোডাক্ট। 🔴আমি একমাসও ঠিকঠাকভাবে ব্যবহার করতে পারি নাই। নষ্ট হয়ে গেছে।,https://lzd-u.slatic.net/c720da0ef56b48e5bb78b52fd82e93fd_090d5b3e161f4f639e403505eaf34fa5.jpg,output_v4\images\reviews\RV141\img_01.jpg,True,,
RV142,PD04,Daraz,"Xiaomi Type C 6A 33W Fast Charging Cable 1M, USB A to USB C, TPE Material, PD, QC Compatible",https://www.daraz.com.bd/products/xiaomi-type-c-6a-33w-fast-charging-cable-1m-usb-a-to-usb-c-tpe-material-pd-qc-compatible-i570824728-s2624386018.html,https://bd-live-21.slatic.net/kf/S3ee96571f8bc47a99c008e17298bc36fR.jpg,output_v4\images\products\PD04.jpg,5,দেখে বিল্ডকোয়ালিটি ভালো মমে হচ্ছে যদিও কতদিন ঠিকে তার গেরেন্টি আমার কাছে নেই।,https://lzd-u.slatic.net/bcaf4cfa485a47c9a529a612852c779d_668c41f4d8314924a37faad186711010.jpg,output_v4\images\reviews\RV142\img_01.jpg,True,,
RV143,PD04,Daraz,"Xiaomi Type C 6A 33W Fast Charging Cable 1M, USB A to USB C, TPE Material, PD, QC Compatible",https://www.daraz.com.bd/products/xiaomi-type-c-6a-33w-fast-charging-cable-1m-usb-a-to-usb-c-tpe-material-pd-qc-compatible-i570824728-s2624386018.html,https://bd-live-21.slatic.net/kf/S3ee96571f8bc47a99c008e17298bc36fR.jpg,output_v4\images\products\PD04.jpg,5,"দামে কম মানে ভালো, ১২০ ওয়াট পর্যন্ত সাপোর্ট করে দাম অনুযায়ী অনেক ভালো কেবল।",https://lzd-u.slatic.net/37ca880f30e94448b5ae19f9e09e8ce4_8b964a918125436ea25380a7fa4c9d16.jpg,output_v4\images\reviews\RV143\img_01.jpg,True,,
RV144,PD04,Daraz,"Xiaomi Type C 6A 33W Fast Charging Cable 1M, USB A to USB C, TPE Material, PD, QC Compatible",https://www.daraz.com.bd/products/xiaomi-type-c-6a-33w-fast-charging-cable-1m-usb-a-to-usb-c-tpe-material-pd-qc-compatible-i570824728-s2624386018.html,https://bd-live-21.slatic.net/kf/S3ee96571f8bc47a99c008e17298bc36fR.jpg,output_v4\images\products\PD04.jpg,5,আলহামদুলিল্লাহ ৯০ ওয়াট চার্জারে ৯০ ওয়াট শো করে এবং দ্রুত চার্জ হয়,https://lzd-u.slatic.net/d07a35d29818411daa15e470581efd74_a5d6bc99b9574f22bf92448d31ff00cc.jpg,output_v4\images\reviews\RV144\img_01.jpg,True,,
RV145,PD04,Daraz,"Xiaomi Type C 6A 33W Fast Charging Cable 1M, USB A to USB C, TPE Material, PD, QC Compatible",https://www.daraz.com.bd/products/xiaomi-type-c-6a-33w-fast-charging-cable-1m-usb-a-to-usb-c-tpe-material-pd-qc-compatible-i570824728-s2624386018.html,https://bd-live-21.slatic.net/kf/S3ee96571f8bc47a99c008e17298bc36fR.jpg,output_v4\images\products\PD04.jpg,5,"ক্যাবল টা ভালোই আমি 250 টাকা দিয়ে কিনেছিলাম আমাদের এখান থেকে,",https://lzd-u.slatic.net/164ebd5ccd044d3e9aea3eeacf19424b_3f7a7de2c7c14556b1e6efd339cdf485.jpg,output_v4\images\reviews\RV145\img_01.jpg,True,,
RV146,PD04,Daraz,"Xiaomi Type C 6A 33W Fast Charging Cable 1M, USB A to USB C, TPE Material, PD, QC Compatible",https://www.daraz.com.bd/products/xiaomi-type-c-6a-33w-fast-charging-cable-1m-usb-a-to-usb-c-tpe-material-pd-qc-compatible-i570824728-s2624386018.html,https://bd-live-21.slatic.net/kf/S3ee96571f8bc47a99c008e17298bc36fR.jpg,output_v4\images\products\PD04.jpg,4,"আমরা ফোনে ভালো চার্জ হচ্ছে (১৮w), তবে দেখার বিষয় কতদিন টিকে।",https://lzd-u.slatic.net/73ee54add129475dbc02b46900fa8f25_c37b2cef6e70494eae7acee2ccfd707d.jpg,output_v4\images\reviews\RV146\img_01.jpg,True,,
RV147,PD04,Daraz,"Xiaomi Type C 6A 33W Fast Charging Cable 1M, USB A to USB C, TPE Material, PD, QC Compatible",https://www.daraz.com.bd/products/xiaomi-type-c-6a-33w-fast-charging-cable-1m-usb-a-to-usb-c-tpe-material-pd-qc-compatible-i570824728-s2624386018.html,https://bd-live-21.slatic.net/kf/S3ee96571f8bc47a99c008e17298bc36fR.jpg,output_v4\images\products\PD04.jpg,5,দাম ৩০৩টাকা অফারে কিনেছি ৯৯টাকা দিয়ে। ৯৯টাকা হিসেবে ১০০-১০০।,https://lzd-u.slatic.net/bc3a5cf613b24fe7ac95ce8b87f84bec_2f74441859ac4822b936a91b9cd1df47.jpg,output_v4\images\reviews\RV147\img_01.jpg,True,,
RV148,PD04,Daraz,"Xiaomi Type C 6A 33W Fast Charging Cable 1M, USB A to USB C, TPE Material, PD, QC Compatible",https://www.daraz.com.bd/products/xiaomi-type-c-6a-33w-fast-charging-cable-1m-usb-a-to-usb-c-tpe-material-pd-qc-compatible-i570824728-s2624386018.html,https://bd-live-21.slatic.net/kf/S3ee96571f8bc47a99c008e17298bc36fR.jpg,output_v4\images\products\PD04.jpg,5,দেখে ভালোই মনে হয়। তবে আমার Samsung M33 মোবাইলে কাজ করে না।,https://lzd-u.slatic.net/036247e67e4d40d899eec1217a2aad45_6ab607649b1844ae998683bc2c99cfba.jpg,output_v4\images\reviews\RV148\img_01.jpg,True,,
RV149,PD04,Daraz,"Xiaomi Type C 6A 33W Fast Charging Cable 1M, USB A to USB C, TPE Material, PD, QC Compatible",https://www.daraz.com.bd/products/xiaomi-type-c-6a-33w-fast-charging-cable-1m-usb-a-to-usb-c-tpe-material-pd-qc-compatible-i570824728-s2624386018.html,https://bd-live-21.slatic.net/kf/S3ee96571f8bc47a99c008e17298bc36fR.jpg,output_v4\images\products\PD04.jpg,5,ফাস্ট চার্জিং সাপোর্ট করে। কোয়ালিটি দাম অনুযায়ী মোটামুটি।,https://lzd-u.slatic.net/faf9853cfa8242ccb3f983fcb96e7b38_64bf31e73d0941c99c26edfc35239660.jpg | https://lzd-u.slatic.net/25ea5630c1634abcb0ff541618398ccf_02f3d46c1de24caf8abfada53b94f74a.jpg,output_v4\images\reviews\RV149\img_01.jpg | output_v4\images\reviews\RV149\img_02.jpg,True,,
RV150,PD04,Daraz,"Xiaomi Type C 6A 33W Fast Charging Cable 1M, USB A to USB C, TPE Material, PD, QC Compatible",https://www.daraz.com.bd/products/xiaomi-type-c-6a-33w-fast-charging-cable-1m-usb-a-to-usb-c-tpe-material-pd-qc-compatible-i570824728-s2624386018.html,https://bd-live-21.slatic.net/kf/S3ee96571f8bc47a99c008e17298bc36fR.jpg,output_v4\images\products\PD04.jpg,5,আরো কিন্তু জানতে চাইলে আমার সাথে যোগাযোগ করুন ০১৬০৬৯১৮১৯৭,https://lzd-u.slatic.net/ab73c878ba5041cf82e06e318d5bf91e_fefac7fec9dd4b86a5095db653cde73c.jpg | https://lzd-u.slatic.net/ab73c878ba5041cf82e06e318d5bf91e_380e8f8603df4746841b1bf80d3001d9.jpg | https://lzd-u.slatic.net/ab73c878ba5041cf82e06e318d5bf91e_fda6cccfa2124f51a708922c84aed96f.jpg | https://lzd-u.slatic.net/ab73c878ba5041cf82e06e318d5bf91e_7750729b27b74fc9b09383df0b5910f0.jpg,output_v4\images\reviews\RV150\img_01.jpg | output_v4\images\reviews\RV150\img_02.jpg | output_v4\images\reviews\RV150\img_03.jpg | output_v4\images\reviews\RV150\img_04.jpg,True,,
RV151,PD04,Daraz,"Xiaomi Type C 6A 33W Fast Charging Cable 1M, USB A to USB C, TPE Material, PD, QC Compatible",https://www.daraz.com.bd/products/xiaomi-type-c-6a-33w-fast-charging-cable-1m-usb-a-to-usb-c-tpe-material-pd-qc-compatible-i570824728-s2624386018.html,https://bd-live-21.slatic.net/kf/S3ee96571f8bc47a99c008e17298bc36fR.jpg,output_v4\images\products\PD04.jpg,5,"এই প্রথম নিলাম আমার জন্য, আশা করি ভালো হবে ইনশাআল্লাহ।",https://lzd-u.slatic.net/ec905e620dc741129e253d45b6ed9162_fc929d3cb1b24be9a0a5e143c059e09b.jpg,output_v4\images\reviews\RV151\img_01.jpg,True,,
RV152,PD04,Daraz,"Xiaomi Type C 6A 33W Fast Charging Cable 1M, USB A to USB C, TPE Material, PD, QC Compatible",https://www.daraz.com.bd/products/xiaomi-type-c-6a-33w-fast-charging-cable-1m-usb-a-to-usb-c-tpe-material-pd-qc-compatible-i570824728-s2624386018.html,https://bd-live-21.slatic.net/kf/S3ee96571f8bc47a99c008e17298bc36fR.jpg,output_v4\images\products\PD04.jpg,5,ক্যাবল টা কমদামি তাই ভালো আছে ।আজকে 3 দিন ব্যবহার করতেছি,https://lzd-u.slatic.net/55954d10a9514ffaa132ecb940ab203e_67bf9827b10b4dc485bd207c65fc4a2e.jpg,output_v4\images\reviews\RV152\img_01.jpg,True,,
RV153,PD04,Daraz,"Xiaomi Type C 6A 33W Fast Charging Cable 1M, USB A to USB C, TPE Material, PD, QC Compatible",https://www.daraz.com.bd/products/xiaomi-type-c-6a-33w-fast-charging-cable-1m-usb-a-to-usb-c-tpe-material-pd-qc-compatible-i570824728-s2624386018.html,https://bd-live-21.slatic.net/kf/S3ee96571f8bc47a99c008e17298bc36fR.jpg,output_v4\images\products\PD04.jpg,5,কেবল কোয়ালিটি খারাপ নয় ভালো আছে। চাইলে নিতে পারেন,,,True,,
RV154,PD04,Daraz,"Xiaomi Type C 6A 33W Fast Charging Cable 1M, USB A to USB C, TPE Material, PD, QC Compatible",https://www.daraz.com.bd/products/xiaomi-type-c-6a-33w-fast-charging-cable-1m-usb-a-to-usb-c-tpe-material-pd-qc-compatible-i570824728-s2624386018.html,https://bd-live-21.slatic.net/kf/S3ee96571f8bc47a99c008e17298bc36fR.jpg,output_v4\images\products\PD04.jpg,5,"কেবলটা ভালোই পাইছি,বাকিটা ইউজ করার পর বলা যাবে",https://lzd-u.slatic.net/c1633c228a2d4d8f89dc2679c9e2f2ac_82b11873454b40c990462f9bbf8fb903.jpg,output_v4\images\reviews\RV154\img_01.jpg,True,,
RV155,PD04,Daraz,"Xiaomi Type C 6A 33W Fast Charging Cable 1M, USB A to USB C, TPE Material, PD, QC Compatible",https://www.daraz.com.bd/products/xiaomi-type-c-6a-33w-fast-charging-cable-1m-usb-a-to-usb-c-tpe-material-pd-qc-compatible-i570824728-s2624386018.html,https://bd-live-21.slatic.net/kf/S3ee96571f8bc47a99c008e17298bc36fR.jpg,output_v4\images\products\PD04.jpg,5,"হাতে পেয়েছি পন্যটি, পছন্দ হয়েছে। সবকিছু ওকে",https://lzd-u.slatic.net/fa25e68b8d8c4b11ab743a0ab0762714_01562e9ebec24491a5e65478a70f23e7.jpg,output_v4\images\reviews\RV155\img_01.jpg,True,,
RV156,PD04,Daraz,"Xiaomi Type C 6A 33W Fast Charging Cable 1M, USB A to USB C, TPE Material, PD, QC Compatible",https://www.daraz.com.bd/products/xiaomi-type-c-6a-33w-fast-charging-cable-1m-usb-a-to-usb-c-tpe-material-pd-qc-compatible-i570824728-s2624386018.html,https://bd-live-21.slatic.net/kf/S3ee96571f8bc47a99c008e17298bc36fR.jpg,output_v4\images\products\PD04.jpg,5,ভালোই আছে। দেখে অরিজিনাল এর মতই মনে হচ্ছে।,https://lzd-u.slatic.net/b0657d2853ab4bbaa3fd78cf2cb7ccd2_72bb7861ae1945049a0d5c50d93a3bbb.jpg,output_v4\images\reviews\RV156\img_01.jpg,True,,
RV157,PD04,Daraz,"Xiaomi Type C 6A 33W Fast Charging Cable 1M, USB A to USB C, TPE Material, PD, QC Compatible",https://www.daraz.com.bd/products/xiaomi-type-c-6a-33w-fast-charging-cable-1m-usb-a-to-usb-c-tpe-material-pd-qc-compatible-i570824728-s2624386018.html,https://bd-live-21.slatic.net/kf/S3ee96571f8bc47a99c008e17298bc36fR.jpg,output_v4\images\products\PD04.jpg,5,বিল্ড কোয়ালিটি ভালো বাট ফার্সট চাজ হয় না।।,https://lzd-u.slatic.net/570d78c69c9d4ed79568b06455fd1ec5_892cb6197a204b36b412f95c85941ea5.jpg,output_v4\images\reviews\RV157\img_01.jpg,True,,
RV158,PD04,Daraz,"Xiaomi Type C 6A 33W Fast Charging Cable 1M, USB A to USB C, TPE Material, PD, QC Compatible",https://www.daraz.com.bd/products/xiaomi-type-c-6a-33w-fast-charging-cable-1m-usb-a-to-usb-c-tpe-material-pd-qc-compatible-i570824728-s2624386018.html,https://bd-live-21.slatic.net/kf/S3ee96571f8bc47a99c008e17298bc36fR.jpg,output_v4\images\products\PD04.jpg,5,অরিজিনাল এর কপি কিন্তু। কোয়ালিটি অনেক ভালো,https://lzd-u.slatic.net/cd2a458e622f4c74acc285bbd237a7e1_7699276f74ee46ef94f86bde54afb596.jpg,output_v4\images\reviews\RV158\img_01.jpg,True,,
RV159,PD04,Daraz,"Xiaomi Type C 6A 33W Fast Charging Cable 1M, USB A to USB C, TPE Material, PD, QC Compatible",https://www.daraz.com.bd/products/xiaomi-type-c-6a-33w-fast-charging-cable-1m-usb-a-to-usb-c-tpe-material-pd-qc-compatible-i570824728-s2624386018.html,https://bd-live-21.slatic.net/kf/S3ee96571f8bc47a99c008e17298bc36fR.jpg,output_v4\images\products\PD04.jpg,5,"চার্জারটা ভালো হয়েছে, অনেক ভয় ছিলাম যদিও",https://lzd-u.slatic.net/c611ea16bed44e8aae2a27c493aad7c7_fc67d559eaba4b8da941c6231ca48fc4.jpg,output_v4\images\reviews\RV159\img_01.jpg,True,,
RV160,PD04,Daraz,"Xiaomi Type C 6A 33W Fast Charging Cable 1M, USB A to USB C, TPE Material, PD, QC Compatible",https://www.daraz.com.bd/products/xiaomi-type-c-6a-33w-fast-charging-cable-1m-usb-a-to-usb-c-tpe-material-pd-qc-compatible-i570824728-s2624386018.html,https://bd-live-21.slatic.net/kf/S3ee96571f8bc47a99c008e17298bc36fR.jpg,output_v4\images\products\PD04.jpg,5,খুব ভালো চার্জিং ক্যাবল। টার্বো চার্জ হয়,https://lzd-u.slatic.net/120c2684e35e4eaa86f00a9d4acb8801_dbdc215778514e3a88903df041dc859f.jpg,output_v4\images\reviews\RV160\img_01.jpg,True,,
RV161,PD04,Daraz,"Xiaomi Type C 6A 33W Fast Charging Cable 1M, USB A to USB C, TPE Material, PD, QC Compatible",https://www.daraz.com.bd/products/xiaomi-type-c-6a-33w-fast-charging-cable-1m-usb-a-to-usb-c-tpe-material-pd-qc-compatible-i570824728-s2624386018.html,https://bd-live-21.slatic.net/kf/S3ee96571f8bc47a99c008e17298bc36fR.jpg,output_v4\images\products\PD04.jpg,5,ভালো একটা জিনিস চাইলে আপনি নিতে পারবেন,https://lzd-u.slatic.net/ea51a8f2b4ca456a82787427001da216_3f77b683863b43d29a67400109888ff4.jpg,output_v4\images\reviews\RV161\img_01.jpg,True,,
RV162,PD04,Daraz,"Xiaomi Type C 6A 33W Fast Charging Cable 1M, USB A to USB C, TPE Material, PD, QC Compatible",https://www.daraz.com.bd/products/xiaomi-type-c-6a-33w-fast-charging-cable-1m-usb-a-to-usb-c-tpe-material-pd-qc-compatible-i570824728-s2624386018.html,https://bd-live-21.slatic.net/kf/S3ee96571f8bc47a99c008e17298bc36fR.jpg,output_v4\images\products\PD04.jpg,5,ভালোই। কিন্তু fast charging hoi na.,https://lzd-u.slatic.net/389129ba71404986866a44ffb96267cf_5733a723f99a4381baf6b0c0148b9edd.jpg,output_v4\images\reviews\RV162\img_01.jpg,True,,
RV163,PD04,Daraz,"Xiaomi Type C 6A 33W Fast Charging Cable 1M, USB A to USB C, TPE Material, PD, QC Compatible",https://www.daraz.com.bd/products/xiaomi-type-c-6a-33w-fast-charging-cable-1m-usb-a-to-usb-c-tpe-material-pd-qc-compatible-i570824728-s2624386018.html,https://bd-live-21.slatic.net/kf/S3ee96571f8bc47a99c008e17298bc36fR.jpg,output_v4\images\products\PD04.jpg,4,চার্জ ভালো হচ্ছে। ভালো প্রোডাক্ট।,https://lzd-u.slatic.net/f301889e86ca4fcf87e26180395d245e_392fe9be142b4a9682358ea4cf60fad5.jpg,output_v4\images\reviews\RV163\img_01.jpg,True,,
RV164,PD04,Daraz,"Xiaomi Type C 6A 33W Fast Charging Cable 1M, USB A to USB C, TPE Material, PD, QC Compatible",https://www.daraz.com.bd/products/xiaomi-type-c-6a-33w-fast-charging-cable-1m-usb-a-to-usb-c-tpe-material-pd-qc-compatible-i570824728-s2624386018.html,https://bd-live-21.slatic.net/kf/S3ee96571f8bc47a99c008e17298bc36fR.jpg,output_v4\images\products\PD04.jpg,5,আলহামদুলিল্লাহ ভালো,https://lzd-u.slatic.net/eaeb3b9f20314b37b85964dba9901781_4204649da8e345e1abc16b1fbe01537d.jpg,output_v4\images\reviews\RV164\img_01.jpg,True,,
RV165,PD04,Daraz,"Xiaomi Type C 6A 33W Fast Charging Cable 1M, USB A to USB C, TPE Material, PD, QC Compatible",https://www.daraz.com.bd/products/xiaomi-type-c-6a-33w-fast-charging-cable-1m-usb-a-to-usb-c-tpe-material-pd-qc-compatible-i570824728-s2624386018.html,https://bd-live-21.slatic.net/kf/S3ee96571f8bc47a99c008e17298bc36fR.jpg,output_v4\images\products\PD04.jpg,3,"ভালোই,,, ফাস্ট চার্জার,,, তবে আমার ফোনে চার্জ ছেড়ে দেয়,, মনে হয় ফোনে সমস্যা,, আগেরটাও এমন করত বলে। এইটা নিয়েছিলাম,,",https://lzd-u.slatic.net/520c196f064a4322ab546cba6133a8ba_4d5581f102354e21ad2a3bc713e11011.jpg | https://lzd-u.slatic.net/520c196f064a4322ab546cba6133a8ba_bc3c8657c1574819beb0851332b52307.jpg | https://lzd-u.slatic.net/4cf0f17621664c30aa02a8f538b8afd2_fafc9ffa3e9348b2a35d84e1d6f31746.jpg,output_v4\images\reviews\RV165\img_01.jpg | output_v4\images\reviews\RV165\img_02.jpg | output_v4\images\reviews\RV165\img_03.jpg,True,,
RV166,PD04,Daraz,"Xiaomi Type C 6A 33W Fast Charging Cable 1M, USB A to USB C, TPE Material, PD, QC Compatible",https://www.daraz.com.bd/products/xiaomi-type-c-6a-33w-fast-charging-cable-1m-usb-a-to-usb-c-tpe-material-pd-qc-compatible-i570824728-s2624386018.html,https://bd-live-21.slatic.net/kf/S3ee96571f8bc47a99c008e17298bc36fR.jpg,output_v4\images\products\PD04.jpg,1,"প্যাকেটের কোয়ালিটি দেখে ভাবলাম ক্যাবলটি ও ভালো হবে, কিন্তু ভালো হলো না। ফাস্ট চার্জ হচ্ছে না, হতাশ হয়ে গেলাম",https://lzd-u.slatic.net/1d52add003dc448bb891e011965d1cfb_0dbb840520f0490b9a763de35b475e6d.jpg,output_v4\images\reviews\RV166\img_01.jpg,True,,
RV167,PD04,Daraz,"Xiaomi Type C 6A 33W Fast Charging Cable 1M, USB A to USB C, TPE Material, PD, QC Compatible",https://www.daraz.com.bd/products/xiaomi-type-c-6a-33w-fast-charging-cable-1m-usb-a-to-usb-c-tpe-material-pd-qc-compatible-i570824728-s2624386018.html,https://bd-live-21.slatic.net/kf/S3ee96571f8bc47a99c008e17298bc36fR.jpg,output_v4\images\products\PD04.jpg,5,এত কম দামে ফাস্ট চার্জিং কেবল পাব কল্পনাও করতে পারিনি। কিছুদিন আগে অনেক বেশি দামে হাই কোয়ালিটির কেবল কিনেছি দোকান থেকে। দিয়ে কিন্তু ফাস্ট চার্জিং সাপোর্ট করে না।,,,True,,
RV168,PD04,Daraz,"Xiaomi Type C 6A 33W Fast Charging Cable 1M, USB A to USB C, TPE Material, PD, QC Compatible",https://www.daraz.com.bd/products/xiaomi-type-c-6a-33w-fast-charging-cable-1m-usb-a-to-usb-c-tpe-material-pd-qc-compatible-i570824728-s2624386018.html,https://bd-live-21.slatic.net/kf/S3ee96571f8bc47a99c008e17298bc36fR.jpg,output_v4\images\products\PD04.jpg,5,সব কিছু ঠিকঠাক পাইছি। ডেইলি ভাড়ি পেয়েছি ৩দিনের ভিতরে ই। ফাস্ট চার্জ ও হয়। তবে মনে হলো অর্জিনাল ক্যাবল টা থেকে কিছুটা স্লো। ধন্যবাদ সেলার এবিং রাইডার কে,,,True,,
RV169,PD04,Daraz,"Xiaomi Type C 6A 33W Fast Charging Cable 1M, USB A to USB C, TPE Material, PD, QC Compatible",https://www.daraz.com.bd/products/xiaomi-type-c-6a-33w-fast-charging-cable-1m-usb-a-to-usb-c-tpe-material-pd-qc-compatible-i570824728-s2624386018.html,https://bd-live-21.slatic.net/kf/S3ee96571f8bc47a99c008e17298bc36fR.jpg,output_v4\images\products\PD04.jpg,5,ঠিকঠাকভাবে ডেলিভারি দিছে যে কিন্তু দুঃখের বিষয় জিনিসটা ভালো না এসব বাটপারদের পাল্লায় না পড়ে আপনার আশেপাশের দোকানে গিয়ে প্রোডাক্ট ক্রয় করুন,,,True,,
RV170,PD04,Daraz,"Xiaomi Type C 6A 33W Fast Charging Cable 1M, USB A to USB C, TPE Material, PD, QC Compatible",https://www.daraz.com.bd/products/xiaomi-type-c-6a-33w-fast-charging-cable-1m-usb-a-to-usb-c-tpe-material-pd-qc-compatible-i570824728-s2624386018.html,https://bd-live-21.slatic.net/kf/S3ee96571f8bc47a99c008e17298bc36fR.jpg,output_v4\images\products\PD04.jpg,5,"ক্যাবল 6A না দিয়ে, LL ক্যাবল দিছে সেলার, যা খুবই দুঃখজনক,পরবর্তীতে দেখেশুনে দেওয়ার অনুরোধ থাকলো",,,True,,
RV171,PD04,Daraz,"Xiaomi Type C 6A 33W Fast Charging Cable 1M, USB A to USB C, TPE Material, PD, QC Compatible",https://www.daraz.com.bd/products/xiaomi-type-c-6a-33w-fast-charging-cable-1m-usb-a-to-usb-c-tpe-material-pd-qc-compatible-i570824728-s2624386018.html,https://bd-live-21.slatic.net/kf/S3ee96571f8bc47a99c008e17298bc36fR.jpg,output_v4\images\products\PD04.jpg,5,খুবই বাজে ফোনে চার্জ নেয় না।প্যাকেজিং নরমাল।কোনো ভাবে প্যাকেট করে দিয়েছে।,,,True,,
RV172,PD04,Daraz,"Xiaomi Type C 6A 33W Fast Charging Cable 1M, USB A to USB C, TPE Material, PD, QC Compatible",https://www.daraz.com.bd/products/xiaomi-type-c-6a-33w-fast-charging-cable-1m-usb-a-to-usb-c-tpe-material-pd-qc-compatible-i570824728-s2624386018.html,https://bd-live-21.slatic.net/kf/S3ee96571f8bc47a99c008e17298bc36fR.jpg,output_v4\images\products\PD04.jpg,5,কুইক চার্জ হয় না স্বাভাবিক চার্জ ও হয় না। টাকাটা পুরাই পানিতে গেলো।,,,True,,
RV173,PD04,Daraz,"Xiaomi Type C 6A 33W Fast Charging Cable 1M, USB A to USB C, TPE Material, PD, QC Compatible",https://www.daraz.com.bd/products/xiaomi-type-c-6a-33w-fast-charging-cable-1m-usb-a-to-usb-c-tpe-material-pd-qc-compatible-i570824728-s2624386018.html,https://bd-live-21.slatic.net/kf/S3ee96571f8bc47a99c008e17298bc36fR.jpg,output_v4\images\products\PD04.jpg,5,দাম এর তুলনায় এক কথায় অসাধারণ প্রোডাক্ট। ধন্যবাদ দারাজ,,,True,,
RV174,PD04,Daraz,"Xiaomi Type C 6A 33W Fast Charging Cable 1M, USB A to USB C, TPE Material, PD, QC Compatible",https://www.daraz.com.bd/products/xiaomi-type-c-6a-33w-fast-charging-cable-1m-usb-a-to-usb-c-tpe-material-pd-qc-compatible-i570824728-s2624386018.html,https://bd-live-21.slatic.net/kf/S3ee96571f8bc47a99c008e17298bc36fR.jpg,output_v4\images\products\PD04.jpg,1,"নষ্ট কেবল দিয়া দিছে, অনেকভাবে ট্রাই করা হইছে চার্জ হয় না",https://lzd-u.slatic.net/a76427dc5d9047c58d612a1eca881201_4537c7f7a03c47a5839e4065bf218e1f.jpg,output_v4\images\reviews\RV174\img_01.jpg,True,,
RV175,PD04,Daraz,"Xiaomi Type C 6A 33W Fast Charging Cable 1M, USB A to USB C, TPE Material, PD, QC Compatible",https://www.daraz.com.bd/products/xiaomi-type-c-6a-33w-fast-charging-cable-1m-usb-a-to-usb-c-tpe-material-pd-qc-compatible-i570824728-s2624386018.html,https://bd-live-21.slatic.net/kf/S3ee96571f8bc47a99c008e17298bc36fR.jpg,output_v4\images\products\PD04.jpg,5,ভালো লেগেছে । আপনার চাইলে নিতে পারেন দাম হিসেবে ঠিক আছে,,,True,,
RV176,PD04,Daraz,"Xiaomi Type C 6A 33W Fast Charging Cable 1M, USB A to USB C, TPE Material, PD, QC Compatible",https://www.daraz.com.bd/products/xiaomi-type-c-6a-33w-fast-charging-cable-1m-usb-a-to-usb-c-tpe-material-pd-qc-compatible-i570824728-s2624386018.html,https://bd-live-21.slatic.net/kf/S3ee96571f8bc47a99c008e17298bc36fR.jpg,output_v4\images\products\PD04.jpg,5,খুবই ভালো দাম অনুযায়ী। এখন দেখার বিষয় কতদিন যাই,,,True,,
RV177,PD04,Daraz,"Xiaomi Type C 6A 33W Fast Charging Cable 1M, USB A to USB C, TPE Material, PD, QC Compatible",https://www.daraz.com.bd/products/xiaomi-type-c-6a-33w-fast-charging-cable-1m-usb-a-to-usb-c-tpe-material-pd-qc-compatible-i570824728-s2624386018.html,https://bd-live-21.slatic.net/kf/S3ee96571f8bc47a99c008e17298bc36fR.jpg,output_v4\images\products\PD04.jpg,5,এটা ভালো পাইছি চাইলে নিতে পারেন কোন সমস্যা নাই,,,True,,
RV178,PD04,Daraz,"Xiaomi Type C 6A 33W Fast Charging Cable 1M, USB A to USB C, TPE Material, PD, QC Compatible",https://www.daraz.com.bd/products/xiaomi-type-c-6a-33w-fast-charging-cable-1m-usb-a-to-usb-c-tpe-material-pd-qc-compatible-i570824728-s2624386018.html,https://bd-live-21.slatic.net/kf/S3ee96571f8bc47a99c008e17298bc36fR.jpg,output_v4\images\products\PD04.jpg,5,প্রোডাক্ট ভালই পেয়েছি। পার্সেন্ট উঠে।,,,True,,
RV179,PD04,Daraz,"Xiaomi Type C 6A 33W Fast Charging Cable 1M, USB A to USB C, TPE Material, PD, QC Compatible",https://www.daraz.com.bd/products/xiaomi-type-c-6a-33w-fast-charging-cable-1m-usb-a-to-usb-c-tpe-material-pd-qc-compatible-i570824728-s2624386018.html,https://bd-live-21.slatic.net/kf/S3ee96571f8bc47a99c008e17298bc36fR.jpg,output_v4\images\products\PD04.jpg,5,প্রডাক্ট ঠিকঠাক আসছে ধন্যবাদ 🎉,,,True,,
RV180,PD04,Daraz,"Xiaomi Type C 6A 33W Fast Charging Cable 1M, USB A to USB C, TPE Material, PD, QC Compatible",https://www.daraz.com.bd/products/xiaomi-type-c-6a-33w-fast-charging-cable-1m-usb-a-to-usb-c-tpe-material-pd-qc-compatible-i570824728-s2624386018.html,https://bd-live-21.slatic.net/kf/S3ee96571f8bc47a99c008e17298bc36fR.jpg,output_v4\images\products\PD04.jpg,5,"fast charge হই, আলহামদুলিল্লাহ",,,True,,
RV181,PD04,Daraz,"Xiaomi Type C 6A 33W Fast Charging Cable 1M, USB A to USB C, TPE Material, PD, QC Compatible",https://www.daraz.com.bd/products/xiaomi-type-c-6a-33w-fast-charging-cable-1m-usb-a-to-usb-c-tpe-material-pd-qc-compatible-i570824728-s2624386018.html,https://bd-live-21.slatic.net/kf/S3ee96571f8bc47a99c008e17298bc36fR.jpg,output_v4\images\products\PD04.jpg,5,আলহামদুলিল্লাহ অনেক ভালো,,,True,,
RV182,PD04,Daraz,"Xiaomi Type C 6A 33W Fast Charging Cable 1M, USB A to USB C, TPE Material, PD, QC Compatible",https://www.daraz.com.bd/products/xiaomi-type-c-6a-33w-fast-charging-cable-1m-usb-a-to-usb-c-tpe-material-pd-qc-compatible-i570824728-s2624386018.html,https://bd-live-21.slatic.net/kf/S3ee96571f8bc47a99c008e17298bc36fR.jpg,output_v4\images\products\PD04.jpg,5,দামের থেকে বেশি ভালো 🙂,,,True,,
RV183,PD04,Daraz,"Xiaomi Type C 6A 33W Fast Charging Cable 1M, USB A to USB C, TPE Material, PD, QC Compatible",https://www.daraz.com.bd/products/xiaomi-type-c-6a-33w-fast-charging-cable-1m-usb-a-to-usb-c-tpe-material-pd-qc-compatible-i570824728-s2624386018.html,https://bd-live-21.slatic.net/kf/S3ee96571f8bc47a99c008e17298bc36fR.jpg,output_v4\images\products\PD04.jpg,5,এই কোট গুলো একদম বাজে,,,True,,
RV184,PD04,Daraz,"Xiaomi Type C 6A 33W Fast Charging Cable 1M, USB A to USB C, TPE Material, PD, QC Compatible",https://www.daraz.com.bd/products/xiaomi-type-c-6a-33w-fast-charging-cable-1m-usb-a-to-usb-c-tpe-material-pd-qc-compatible-i570824728-s2624386018.html,https://bd-live-21.slatic.net/kf/S3ee96571f8bc47a99c008e17298bc36fR.jpg,output_v4\images\products\PD04.jpg,5,মোটামুটি ভালো,,,True,,
RV185,PD04,Daraz,"Xiaomi Type C 6A 33W Fast Charging Cable 1M, USB A to USB C, TPE Material, PD, QC Compatible",https://www.daraz.com.bd/products/xiaomi-type-c-6a-33w-fast-charging-cable-1m-usb-a-to-usb-c-tpe-material-pd-qc-compatible-i570824728-s2624386018.html,https://bd-live-21.slatic.net/kf/S3ee96571f8bc47a99c008e17298bc36fR.jpg,output_v4\images\products\PD04.jpg,5,এটা অরজিনার,,,True,,
RV186,PD04,Daraz,"Xiaomi Type C 6A 33W Fast Charging Cable 1M, USB A to USB C, TPE Material, PD, QC Compatible",https://www.daraz.com.bd/products/xiaomi-type-c-6a-33w-fast-charging-cable-1m-usb-a-to-usb-c-tpe-material-pd-qc-compatible-i570824728-s2624386018.html,https://bd-live-21.slatic.net/kf/S3ee96571f8bc47a99c008e17298bc36fR.jpg,output_v4\images\products\PD04.jpg,5,ধন্যবাদ,,,True,,
RV187,PD04,Daraz,"Xiaomi Type C 6A 33W Fast Charging Cable 1M, USB A to USB C, TPE Material, PD, QC Compatible",https://www.daraz.com.bd/products/xiaomi-type-c-6a-33w-fast-charging-cable-1m-usb-a-to-usb-c-tpe-material-pd-qc-compatible-i570824728-s2624386018.html,https://bd-live-21.slatic.net/kf/S3ee96571f8bc47a99c008e17298bc36fR.jpg,output_v4\images\products\PD04.jpg,5,ভালো,,,True,,
RV188,PD04,Daraz,"Xiaomi Type C 6A 33W Fast Charging Cable 1M, USB A to USB C, TPE Material, PD, QC Compatible",https://www.daraz.com.bd/products/xiaomi-type-c-6a-33w-fast-charging-cable-1m-usb-a-to-usb-c-tpe-material-pd-qc-compatible-i570824728-s2624386018.html,https://bd-live-21.slatic.net/kf/S3ee96571f8bc47a99c008e17298bc36fR.jpg,output_v4\images\products\PD04.jpg,5,নাইচ,,,True,,
RV189,PD04,Daraz,"Xiaomi Type C 6A 33W Fast Charging Cable 1M, USB A to USB C, TPE Material, PD, QC Compatible",https://www.daraz.com.bd/products/xiaomi-type-c-6a-33w-fast-charging-cable-1m-usb-a-to-usb-c-tpe-material-pd-qc-compatible-i570824728-s2624386018.html,https://bd-live-21.slatic.net/kf/S3ee96571f8bc47a99c008e17298bc36fR.jpg,output_v4\images\products\PD04.jpg,5,ভালো,,,True,,
RV190,PD04,Daraz,"Xiaomi Type C 6A 33W Fast Charging Cable 1M, USB A to USB C, TPE Material, PD, QC Compatible",https://www.daraz.com.bd/products/xiaomi-type-c-6a-33w-fast-charging-cable-1m-usb-a-to-usb-c-tpe-material-pd-qc-compatible-i570824728-s2624386018.html,https://bd-live-21.slatic.net/kf/S3ee96571f8bc47a99c008e17298bc36fR.jpg,output_v4\images\products\PD04.jpg,5,ভালো আছে।,,,True,,
RV191,PD04,Daraz,"Xiaomi Type C 6A 33W Fast Charging Cable 1M, USB A to USB C, TPE Material, PD, QC Compatible",https://www.daraz.com.bd/products/xiaomi-type-c-6a-33w-fast-charging-cable-1m-usb-a-to-usb-c-tpe-material-pd-qc-compatible-i570824728-s2624386018.html,https://bd-live-21.slatic.net/kf/S3ee96571f8bc47a99c008e17298bc36fR.jpg,output_v4\images\products\PD04.jpg,3,"দামে কম মানেও কম। উপরে ফিটফাট ভিতরে সদরঘাট। এই কেবল দিয়ে ফোন চার্জ না দেওয়াই ভালো। সাধারণ বাটন ফোন বা ছোট খাটো গ্যাজেট, TWS, Smartwatch চার্জ দেওয়ার জন্য ঠিক আছে। ফোনে চার্জ দিলে এই ক্যাবলে ব্যবহার করা কম দামি Type C পিন এর কারণে ফোনের অরিজিনাল Type C পোর্ট নষ্ট হয়ে যাওয়ার সম্ভাবনা আছে।",,,True,,
RV192,PD04,Daraz,"Xiaomi Type C 6A 33W Fast Charging Cable 1M, USB A to USB C, TPE Material, PD, QC Compatible",https://www.daraz.com.bd/products/xiaomi-type-c-6a-33w-fast-charging-cable-1m-usb-a-to-usb-c-tpe-material-pd-qc-compatible-i570824728-s2624386018.html,https://bd-live-21.slatic.net/kf/S3ee96571f8bc47a99c008e17298bc36fR.jpg,output_v4\images\products\PD04.jpg,3,চার্জিং স্পীড মোটামুটি।,,,True,,
RV193,PD04,Daraz,"Xiaomi Type C 6A 33W Fast Charging Cable 1M, USB A to USB C, TPE Material, PD, QC Compatible",https://www.daraz.com.bd/products/xiaomi-type-c-6a-33w-fast-charging-cable-1m-usb-a-to-usb-c-tpe-material-pd-qc-compatible-i570824728-s2624386018.html,https://bd-live-21.slatic.net/kf/S3ee96571f8bc47a99c008e17298bc36fR.jpg,output_v4\images\products\PD04.jpg,1,যেমনটা চেয়েছি তেমনটা একেবারেই পাইনি কেবল দুইটা দিয়েছিলাম দুইটা ভিতরে একটা ছিল কমলা কালার রংটা ছিল আমাকে দেওয়া হয়েছে লাল কালারের মধ্যে আমি অরজিনাল টা পাই নাই এবং নিচের টিউব দিয়ে পিন দুটি আছে মোবাইল ফোনের চার্জের যে কেবল এর আটকানোর জন্য বিশেষ করে ময়লা ভিতরে ঢুকে এরকম কেপটা যেহেতু দিয়া হইছে ওইটা দিয়েছিলাম নেভি ব্লু কিন্তু আমাকে দেওয়া হয়েছে ব্লেক এমনটা বাড়াদের কাছ থেকে আশা করিনি খুবই জঘন্য শুধুমাত্র টাকাগুলা জলে যায় খুব খারাপ লাগে,,,True,,
RV194,PD04,Daraz,"Xiaomi Type C 6A 33W Fast Charging Cable 1M, USB A to USB C, TPE Material, PD, QC Compatible",https://www.daraz.com.bd/products/xiaomi-type-c-6a-33w-fast-charging-cable-1m-usb-a-to-usb-c-tpe-material-pd-qc-compatible-i570824728-s2624386018.html,https://bd-live-21.slatic.net/kf/S3ee96571f8bc47a99c008e17298bc36fR.jpg,output_v4\images\products\PD04.jpg,1,বর্তমান মার্কেটে এর চেয়ে খারাপ ক্যাবল মনে হয় আর নাই। ফাস্ট চার্জিং সাপোর্ট করে না। ১০ এ ১ দেওয়া যায় তাও শুধু ক্যাবলটার জন্য। খারাপ মানে সর্বোচ্চ মানের বাজে ক্যাবল।,,,True,,
RV195,PD04,Daraz,"Xiaomi Type C 6A 33W Fast Charging Cable 1M, USB A to USB C, TPE Material, PD, QC Compatible",https://www.daraz.com.bd/products/xiaomi-type-c-6a-33w-fast-charging-cable-1m-usb-a-to-usb-c-tpe-material-pd-qc-compatible-i570824728-s2624386018.html,https://bd-live-21.slatic.net/kf/S3ee96571f8bc47a99c008e17298bc36fR.jpg,output_v4\images\products\PD04.jpg,1,৫ পিস কেবল কিনলে ১ পিস ফ্রি দেওয়ার কথা ছিল সেটা দেওয়া হয় নাই ।কেবল এর মান খুব একটা ভালো না,,,True,,
RV196,PD04,Daraz,"Xiaomi Type C 6A 33W Fast Charging Cable 1M, USB A to USB C, TPE Material, PD, QC Compatible",https://www.daraz.com.bd/products/xiaomi-type-c-6a-33w-fast-charging-cable-1m-usb-a-to-usb-c-tpe-material-pd-qc-compatible-i570824728-s2624386018.html,https://bd-live-21.slatic.net/kf/S3ee96571f8bc47a99c008e17298bc36fR.jpg,output_v4\images\products\PD04.jpg,1,"সেলার একটা বাটপার। কেউ কিনবেন না। ফাস্ট চার্জিং কেবল বলে দিছে,কিন্তু অনেক স্লো চার্জ হয়।",,,True,,
RV197,PD04,Daraz,"Xiaomi Type C 6A 33W Fast Charging Cable 1M, USB A to USB C, TPE Material, PD, QC Compatible",https://www.daraz.com.bd/products/xiaomi-type-c-6a-33w-fast-charging-cable-1m-usb-a-to-usb-c-tpe-material-pd-qc-compatible-i570824728-s2624386018.html,https://bd-live-21.slatic.net/kf/S3ee96571f8bc47a99c008e17298bc36fR.jpg,output_v4\images\products\PD04.jpg,1,একবারে বাজে কেউ এই প্রোডাক্টটা কিনবেন না সাত দিন ব্যবহার করার পর এখন আর চার্জ ওঠে না,,,True,,
RV198,PD04,Daraz,"Xiaomi Type C 6A 33W Fast Charging Cable 1M, USB A to USB C, TPE Material, PD, QC Compatible",https://www.daraz.com.bd/products/xiaomi-type-c-6a-33w-fast-charging-cable-1m-usb-a-to-usb-c-tpe-material-pd-qc-compatible-i570824728-s2624386018.html,https://bd-live-21.slatic.net/kf/S3ee96571f8bc47a99c008e17298bc36fR.jpg,output_v4\images\products\PD04.jpg,1,লিখা আছে ফাস্ট চার্জিং অথচ ফাস্ট চার্জ হয়না 😡😡,,,True,,
RV199,PD04,Daraz,"Xiaomi Type C 6A 33W Fast Charging Cable 1M, USB A to USB C, TPE Material, PD, QC Compatible",https://www.daraz.com.bd/products/xiaomi-type-c-6a-33w-fast-charging-cable-1m-usb-a-to-usb-c-tpe-material-pd-qc-compatible-i570824728-s2624386018.html,https://bd-live-21.slatic.net/kf/S3ee96571f8bc47a99c008e17298bc36fR.jpg,output_v4\images\products\PD04.jpg,1,টাকা টা নষ্ট,,,True,,
RV200,PD05,Daraz,"Webcam Full HD 1080P Webcam For Online Office, Class, Video Conference 5MP Computer PC Laptop Camera",https://www.daraz.com.bd/products/5mp-hd-1080p-i526686118-s2537708313.html,https://static-01.daraz.com.bd/p/214b8ab609a2a946a73b60070e10d5be.png,output_v4\images\products\PD05.png,5,"খুব ভালো প্রোডাক্ট। ব্যবহার করা সহজ, আর এই দামে কোয়ালিটিও দারুণ।",https://lzd-u.slatic.net/469c07d27ffb4b19aeff4cc4ce1fb275_7f36f7c81dbf4129899f42734ffbbdf5.jpg,output_v4\images\reviews\RV200\img_01.jpg,True,,
RV201,PD05,Daraz,"Webcam Full HD 1080P Webcam For Online Office, Class, Video Conference 5MP Computer PC Laptop Camera",https://www.daraz.com.bd/products/5mp-hd-1080p-i526686118-s2537708313.html,https://static-01.daraz.com.bd/p/214b8ab609a2a946a73b60070e10d5be.png,output_v4\images\products\PD05.png,5,"সেলার প্রফেশনাল না, মেসেজ সিন করে রিপ্লাই করতো না।",https://lzd-u.slatic.net/287d77a686cb4f9187b116d7dbe0b6c7_f9234fef2d8d45f7af368beb557ecb2c.jpg,output_v4\images\reviews\RV201\img_01.jpg,True,,
RV202,PD05,Daraz,"Webcam Full HD 1080P Webcam For Online Office, Class, Video Conference 5MP Computer PC Laptop Camera",https://www.daraz.com.bd/products/5mp-hd-1080p-i526686118-s2537708313.html,https://static-01.daraz.com.bd/p/214b8ab609a2a946a73b60070e10d5be.png,output_v4\images\products\PD05.png,5,"এক কথায় অসাধারণ একটি পণ্য,আপনারা চাইলে কিনতে পারেন",,,True,,
RV203,PD05,Daraz,"Webcam Full HD 1080P Webcam For Online Office, Class, Video Conference 5MP Computer PC Laptop Camera",https://www.daraz.com.bd/products/5mp-hd-1080p-i526686118-s2537708313.html,https://static-01.daraz.com.bd/p/214b8ab609a2a946a73b60070e10d5be.png,output_v4\images\products\PD05.png,5,ভালো আছে নিতে পারেন।,,,True,,
